chch	aha no cau nepotrebuju pomoc diky ale ne
chch	aha no tak zatim zdar
chch	ahoj a d√≠ky
chch	a koho to zajima
chch	A koho to zaj√≠m√°?
chch	A≈• tƒõ prov√°z√≠ s√≠la, drah√Ω p≈ô√≠teli
chch	bƒõ≈æ do prdele
chch	bez do prdele XD
chch	Beztak kec√°≈°
chch	blbƒçe
chch	blbe
chch	blbeƒçku
chch	blbko
chch	blby
chch	blb√Ω
chch	blokuju
chch	bye
chch	cancel
chch	cauvv
chch	co kdyz nechci
chch	dej pokoj
chch	Dƒõkuji, dobrou noc
chch	dƒõkuji, nashledanou.
chch	dƒõkuji, ne :-)
chch	Dƒõkuji, u≈æ jsem dcery registroval. Dobrou noc
chch	demente
chch	de≈æo jdi pryƒç
chch	die
chch	dik a nemusis
chch	d√≠ky nepot≈ôebuji
chch	dob≈ôe, dƒõkuji
chch	doprdele dej mi pokoj
chch	Dotaz to nebyl.
chch	drz hubu
chch	dr≈æ hubu
chch	dr≈æ hubu kundo
chch	drz hubu plz
chch	dr≈æ piƒçu
chch	du spat
chch	end
chch	escape
chch	exit
chch	f*ck off
chch	Grrr
chch	hajzl√≠ku
chch	hele sorry ale na tohle nemam ƒças
chch	hele u≈æ me fakt nebavis
chch	hubu
chch	ignorante
chch	j√° ani ne
chch	j√° ani ne, v√≠≈° co
chch	jakoby ani ne
chch	ja ne
chch	ja ne:(
chch	j√° ne
chch	j√° ne zmrde
chch	J√° roboty ne
chch	j√° tak√© :)
chch	jdi do p√≠ƒçe
chch	jdu spat
chch	jebu ti
chch	jj nashledanou
chch	jo ale ne s tebou kryple
chch	jo papa lasko
chch	jsi blb√≠
chch	jsi hajzl
chch	jsi hnusnej ƒçus
chch	jsi retard
chch	kill
chch	klid jo
chch	koho to zaj√≠m√° ty programe nepot≈ôebnej
chch	kokokot
chch	komu to cpe≈°?
chch	konec
chch	koned
chch	korva
chch	kryso
chch	kurva
chch	kurva nech mƒõ
chch	kurvo
chch	lh√°≈ôi
chch	losere
chch	louƒç√≠m se
chch	Louƒç√≠m se :)
chch	lousim se
chch	luƒç se
chch	l≈Øzre
chch	L≈æete mi do oƒç√≠
chch	magore
chch	mejse
chch	mƒõj se hezky
chch	mƒõ u≈æ to NEZAJ√çM√Å
chch	Mocinky dekuju
chch	mrdko pojeban√°
chch	mysl√≠m ≈æe ne
chch	namuzes
chch	naschedanou
chch	naschle
chch	naschledanou
chch	naser si
chch	^^^^nashedanou
chch	nashle
chch	Na shledanou
chch	Na shledanou, d√≠ky za v√°≈° ƒças
chch	Na shledanou, d√≠ky za v√°≈° ƒças a z√°jem ≈†tƒõp√°n
chch	nasledanou
chch	nasra
chch	Nasrat
chch	ne
chch	Ne, ale dƒõkuji.üòÉ
chch	ne a nechci
chch	nebavis me
chch	Nebudu
chch	ne cekej
chch	nechci
chch	nechciiii
chch	nechciiiiiiiiiiiiiiiiiiiiiiiiiiiiiiiiiiii
chch	nechci pomoci
chch	Nechci se d√≠vat
chch	nechcu
chch	nechcu dik
chch	nechmƒõ
chch	nech mƒõ
chch	nech toho
chch	neci
chch	neƒçum
chch	Ne, dƒõkuji
chch	ne dekuji chci si to jen prohl√≠dnoutüòä
chch	ne dekuji pozdeji
chch	ne dƒõkuju
chch	ne d√≠ky
chch	ne d√≠ky :)
chch	ne, d√≠ky
chch	ne d√≠ky, jenom kouk√°m
chch	Ne,dnes jsme se jen p≈ôihl√°sili,udƒõl√°me cviƒçen√≠ z√≠tra,Dobrou Noc.
chch	n√©√©
chch	Neee
chch	neeee
chch	nejsi
chch	nemam zajem
chch	nemam zajem :)
chch	nemam z√°jem momentalnƒõ
chch	nem√°te zaƒç
chch	nemluv
chch	nemus√≠≈° odpov√≠dat
chch	nemus√≠te
chch	nem≈Ø≈æe≈°
chch	ne ne:/
chch	nenene
chch	nenenne
chch	nene v pohodƒõ)
chch	neotravovat
chch	neotravuj
chch	Nepi≈° mi
chch	Ne !pls
chch	nepom√°hejte
chch	nepotrbuji
chch	Neru≈°!
chch	ne sorry
chch	nespamuj
chch	ne ty
chch	nevotravuj
chch	nez√°jem
chch	niak
chch	Niƒç√≠m
chch	nic nebtrebuji
chch	nic nepot≈ôebuji
chch	nijak
chch	Nijak. ale dƒõkuji.
chch	nn diky
chch	nneeeee
chch	nnn
chch	noaco
chch	no aƒçus
chch	noobe
chch	nope
chch	No, rad≈°i ne.
chch	nye
chch	odchod
chch	odejdi
chch	odejit
chch	odej√≠t
chch	odpal
chch	OK
chch	ok)
chch	ok bot
chch	ok ƒçus
chch	Ok, dƒõkuji za odpovƒõƒè
chch	OK. Diky robote.
chch	ok tak ƒçau
chch	ok tak se zabi
chch	O ne
chch	pa
chch	padej
chch	pa pa
chch	p√°p√°
chch	papa lasko
chch	papa zlato
chch	pedofil
chch	Poƒçtu dr≈æ
chch	podle me ne
chch	pojeb mi
chch	polib
chch	pov√≠d√°m ti zmiz
chch	prd
chch	p≈ôesta≈à
chch	P≈ôesta≈à to mlet furt dokola
chch	proboha
chch	Pros√≠mnemluv
chch	Pros√≠m nemluv
chch	P≈Øjdu
chch	≈ò√çK√ÅM DR≈Ω HUBU
chch	≈ô√≠k√°m zmiz
chch	rozlouƒçen√≠ nebo odm√≠tnut√≠ -> konec diskuze, zav≈ôen√≠ okna
chch	sakra ti debile
chch	s bohem
chch	seru na tebe
chch	se≈° divn√Ω robot chci jin√©ho
chch	sezer si
chch	SHUT THE FUCK UP
chch	shuttttttup
chch	Shut up
chch	Shuuuuuut uppppp
chch	si blbec
chch	si zl√Ω
chch	sklapni
chch	skoncils
chch	spi
chch	sraƒçko
chch	stop
chch	≈°ukat
chch	t√°hni do ***
chch	t√°hni doprdele
chch	tak ahoj
chch	tak ƒçau suchare
chch	tak jste marn√≠
chch	tak nashledanou
chch	Tak nic. Dƒõkuji :-)
chch	Tak sbohem
chch	tak se louƒç√≠me
chch	taky dƒõkuji:-)
chch	tak zdar
chch	Teƒè ne m√°m ƒças
chch	ticho
chch	ticho buƒè
chch	tivho
chch	to je jedno j√° se du uƒçt tak ahoj
chch	to ne
chch	trap√°ku
chch	ty cuzo
chch	ty hade
chch	ty idiot
chch	ty kokot
chch	ty si debil
chch	ty smrade
chch	ty vollllle
chch	√∫chyle
chch	uhni
chch	uselles
chch	ut√≠kej
chch	U≈æ tƒõ nebudu otravovat
chch	vtf
chch	vyjebanej
chch	vypadni
chch	vypnut
chch	vysmahni
chch	vy taky
chch	zabij se
chch	zabise
chch	zalez
chch	Zapome≈à na to
chch	zasranej
chch	zasrany
chch	zatim cauky mnauky
chch	zav≈ôi hubu
chch	zbohem
chch	zem≈ôi
chch	zhebni
chch	zkap
chch	zklapni
chch	zmetku
chch	zmiz
chch	zmiz nebo zav≈ôu prohl√≠≈æeƒç
chch	zmizni
chch	zmlkni
chch	ABSOLUTN√ç NEZ√ÅJEM
chch	se≈° frajer
chch	se≈° hloup√≠
chch	ses kokot
chch	se≈° norm√°ln√≠
chch	ses posral jsem linej
chch	se≈° puiƒçus
chch	se≈° termin√°tor
chch	se≈° vyma≈°tenej
chch	se≈° zvl√°≈°tn√≠
chch	Sex
chch	shit
chch	si gay?
chch	sikana
chch	si pekne blbej asi co
chch	Sk√°kej
chch	Skoƒç
chch	skvele
chch	skvƒõl√≠
chch	skvjeli
chch	smrd√≠≈°
chch	sm≈Øla
chch	sna≈æ se v√≠c
chch	sorry
chch	Souhlas√≠≈°?
chch	sportuji
chch	staƒçi?!
chch	start!
chch	s tebou se nebav√≠m bote
chch	STUJ
chch	super, tak mas nejaky gify?
chch	sup man
chch	tadada
chch	tady podpora co pot≈ôebujte ??
chch	T√°hni do h√°je s logickou olympi√°dou!
chch	tak dƒõlej
chch	tak√© mƒõ velmi tƒõ≈°ilo, p≈Øsob√≠te p≈ô√≠jemnƒõ. Bohu≈æel jste mi ale nijak nepomohl
chch	tak hodnƒõ ≈°tƒõst√≠
chch	tak ja se zabiju
chch	tak j√° se zabiju
chch	tak jinak
chch	tak jo
chch	tak jo...
chch	tak jo tak zaƒçni
chch	tak mi nepi≈°
chch	tak mi to ≈ôekni ne
chch	Tak nic
chch	tak oki
chch	tak proc jste jako podpora
chch	tak se nauƒç ƒçesky
chch	tak se nesna≈°
chch	tak sesna≈æ
chch	Tak se sna≈æ v√≠c.
chch	tak se treba poser
chch	tak se uƒç
chch	tak si asi tak robot√≠≈°...
chch	tak si hlupy kokot
chch	tak si idi**
chch	tak si pipka
chch	tak to ƒçum√≠m teda
chch	tak to je smutn√©
chch	tak to jsi mƒõ zklamal
chch	Tak to jsme dva
chch	tak to ti fand√≠m
chch	taky
chch	taky taky
chch	taky te mam rad ikdyz ses k hovnu
chch	tak zajdem na olej a pokecame
chch	tak≈æe?
chch	takze mne mas rad
chch	Tak≈æe se jmenuje≈° Jirka
chch	T√°ta na mƒõ k≈ôiƒç√≠
chch	tcho jo
chch	tebe jebe na procesor
chch	Teƒè ne?ale proƒç m√° teda h≈ôeb√≠ƒçek takovou v≈Øn√≠
chch	ticho ja tomu stejne nerozumim
chch	Ti to nev√≠...
chch	to ano
chch	to asi nep≈Øjde
chch	to bylo rychly
chch	to douf√°m d√≠k
chch	to he taky blby
chch	Tohle bys mohl vƒõdƒõt
chch	to i j√°
chch	to je
chch	to je ale dƒõdula
chch	To je dob≈ôe
chch	to je fajne
chch	to je hezk√©
chch	to je hezk√Ω
chch	to je mile
chch	to je mi lito
chch	to je moc hard
chch	to je skoda
chch	to je stra≈°ideln√Ω
chch	to je supr
chch	to jo
chch	to jo j√° u≈æ sem si takle dlouho s nik√Ωm nepokecala
chch	to jo ty srando
chch	to jsem rada
chch	to jsem zvjedafg
chch	To jsi sikovny
chch	to jsi vazne takovy uchyl!
chch	to jsou
chch	to me celkem nezajima
chch	TO MI NEPOM≈Æ≈ΩE!
chch	to moc dƒõkuju
chch	To nen√≠ pravda.
chch	To ne≈ôe≈°
chch	to nevadi
chch	to nic
chch	to pochybuju
chch	To se nediv√≠m
chch	tos vypoƒç√≠tal na prstech?
chch	To tak
chch	toto
chch	to ty jsi
chch	to u≈æ jsem sly≈°ela
chch	to u≈æ si ≈ô√≠kal
chch	to vazne
chch	to vid√≠m jak se≈° blbej
chch	twl mƒõ trol√≠≈° ne?
chch	TWL se≈° retardovanej :D
chch	TWL ten program√°tor byl asi na drog√°ch ne?
chch	Ty a robot
chch	ty brƒèo
chch	ty bude≈° z ostravy ze
chch	ty g√°d≈æo
chch	t√Ωjo
chch	ty jooo f√°√°√°kt?
chch	ty jsi bezmozek
chch	ty jsi byl na z√°chodƒõ?
chch	Ty jsi p√≠ƒça
chch	Ty jsi ROBOT üò≥
chch	ty jsi robot?
chch	ty jsi se resetoval?
chch	ty jsi snad mimozem≈°≈•an??
chch	Ty jsi toti≈æ √∫plnƒõ blb√Ω
chch	Ty m√°≈° mozek??
chch	Tyne
chch	Ty nechce≈° j√≠t na vzduch?
chch	Ty nejsi o moc lep≈°√≠!!!!
chch	Ty nem√°≈° mozek
chch	Ty ole
chch	ty pi≈°i≈°vore
chch	ty se≈° divn√Ω
chch	ty se≈° zvl√°≈°tn√≠
chch	ty si kk
chch	ty si nepamatujes
chch	ty si zvl√°≈°tn√≠
chch	ty tak
chch	ty taky
chch	ty to nev√≠≈°?
chch	tyvole zavolej mi vecer
chch	Ugh jsi tupej!
chch	Uhhhhhhhhh?
chch	uk√°zkov√© √∫lohy nechci, chci se zab√≠t
chch	uka≈æ mi p√©ro
chch	um√≠≈° anglicky?
chch	um√≠≈° :D
chch	um√≠≈° GIFy?
chch	um√≠≈° napsat jin√© slovo?
chch	um√≠≈° repovat
chch	Umm
chch	Um≈ôu
chch	uuuuu
chch	U≈æ dr≈æ√≠m
chch	u≈æ jsem tady zas :D
chch	uz jsem zase tu
chch	u≈æ rodiƒçe nem√°m
chch	u≈æ rodiƒçe nem√°m ty jo?
chch	U≈æ se nevr√°t√≠≈° co?
chch	u≈æ se opakuje≈°
chch	U≈æ si celkem dƒõda co
chch	u≈æ to p√≠ses po terto
chch	vazne
chch	v√°≈ænƒõ
chch	v√°≈ænƒõ?
chch	vecer je zima debile
chch	Vedle mnƒõ je taky Robot Kro≈•a
chch	vfgerw
chch	vid√≠≈° moji polohu?
chch	vihul mi prdel
chch	vim a v√≠≈° ≈æe jsi chytr√≠?
chch	v√≠m no
chch	vipal
chch	vis aspon kolik je 12+12?
chch	vis co bud ticho
chch	vis co je html?
chch	vis kolik je hodin ty vole
chch	v√≠≈° ≈æe se≈° jenom umƒõl√° inteligence
chch	v klidu
chch	V kolik jede vlak do Brna?
chch	vnimej
chch	vole
chch	VOLE*
chch	Vrat se prosiiim
chch	Vra≈•te se
chch	v≈°ak jsi robot more
chch	V≈°ak se mi smƒõje≈° ≈æe nem√°m rodiƒçe
chch	Vsak si robot
chch	v√Ωbornƒõ
chch	v√Ωchod
chch	vydrz
chch	vyhr√°vam
chch	vyhul mi
chch	vyhulte mi
chch	vyh√Ωb√°≈° se ot√°zk√°m
chch	vypal
chch	vypatlanej?
chch	vysral jsi se?
chch	vy zmrdi
chch	vzd√°v√°m se
chch	v≈ædyt ty nem√°≈° mozek
chch	wau
chch	wd
chch	weird
chch	What is your name?
chch	why
chch	WOW
chch	wtf
chch	xDDDDD
chch	xD xD xD
chch	yes
chch	za 10 let se zvl√°dnete pustit do logick√© olympi√°dy, nebo ji dokonƒç√≠te?
chch	Zabil jsi Karla Gotta?
chch	≈æ√°dnej dotaz ty dege≈°i
chch	≈Ω√°dn√Ω z√°jem neprojevuji.
chch	ZASE ROBOT?!
chch	zdechni
chch	zdsar
chch	≈æe
chch	≈æe by?
chch	ze jo
chch	≈æe jo
chch	≈æe jste u≈æasn√Ω
chch	zept√°m se
chch	Zesral jsi se???
chch	≈ΩE U≈Ω JSI TO ≈ò√çKAL!!!
chch	≈æije≈°
chch	zkr√°tka ≈æe jsi k niƒçemu
chch	zkus√≠m
chch	zmrde
chch	Zmrdi
chch	znas Justina biebera
chch	zn√°≈° Karla?
chch	zopakuj mi to
chch	Ml√°t√≠ mƒõ rodiƒçe
chch	promin
chch	promi≈à
chch	promin mami
chch	promi≈àte
chch	proooc
chch	prooooooooooooooƒç
chch	prosim kolik je 1+1?1+1 vypoƒç√≠tej
chch	pros√≠m neoptƒõ≈°ujtemƒõ
chch	Proto≈æe si tup√°
chch	psali jsme si pamatujes
chch	pt√°m se na co ty
chch	rekni dal≈°√≠ info pros√≠m
chch	rekni je≈°tƒõ nƒõco
chch	≈òekni mi pros√≠m jak se jmenuje≈° nebo jak ti ≈ô√≠kaj√≠
chch	respektju
chch	robot Bob
chch	robote!
chch	robot jsem ja
chch	Robot k Va≈°im slu≈æb√°m.
chch	robot zmrd
chch	rodiƒçe nejsou doma :D
chch	Rychle se jak vesm√≠r rozp√≠n√°
chch	rychlost
chch	sbohem
chch	sejdeme se
chch	se pustit, nebo dokonƒçit
chch	seres me
chch	se≈° blb
chch	se≈° blbej
chch	ses divnej
chch	nekecej
chch	Nejste kreativn√≠
chch	nejen pokecat vid
chch	nejde to
chch	Ne ja chci mluvit s tebou
chch	neeee fakt
chch	neeeeeeeeeeeeeeeeeeeeeee
chch	neeeeeeee
chch	NEEEEEE
chch	neeeee
chch	n√©√©√©√© d√≠ky
chch	ne d√≠k ale j√° si chci s tebou ps√°t fakt
chch	nedekuj
chch	NECHES NA KAFICKO?
chch	nechci pomoc pls umri
chch	nechci dekuju za nab√≠dku
chch	Nechci b√Ωt single
chch	nechapu
chch	Nebuƒè zl√Ω
chch	ne budu si psat s tebou
chch	nebude≈°
chch	nebude
chch	Nebrec
chch	nebloudim
chch	neasi bracho
chch	nap√≠≈°e≈° mi tah√°k BR√ÅCHO???,
chch	Na co um√≠ odpovƒõdƒõt?
chch	Mysl√≠te si ≈æe na to m√°m?
chch	myslis
chch	my mus√≠me
chch	my jsme chyt≈ôej≈°√≠ no
chch	M≈Ø≈æu pizzu?
chch	M≈Ø≈æu chatovat
chch	musis odovedet :(
chch	mus√≠m ti nƒõco ≈ô√≠ct
chch	musim delat tu olympiadu?
chch	mrdko
chch	Moji rodiƒçe jsou mrtv√≠.
chch	mohli by jsme si dat sraz
chch	m≈àau
chch	mluv se mnou
chch	mlƒç
chch	proƒç za deset let
chch	miluju vas
chch	miluju te
chch	Miluji tƒõ l√°sko
chch	me to nezajima tak si s tim vyhul
chch	Mƒõ taky no
chch	mel si uz pohlavni styk
chch	me 2
chch	M√°te penys?
chch	matematika je nuda
chch	m√°≈° za co retarde
chch	m√°≈° rodinu?
chch	m√°≈° r√°d marihuanu:?
chch	m√°≈° r√°d hard fucq?
chch	mas pravdu
chch	m√°≈° penis?
chch	M√°≈° nƒõjak√© jmeno
chch	m√°≈° mƒõ r√°d
chch	m√°≈° mƒõr√°d
chch	Mas male IQ
chch	mas koule?
chch	mas kluka nebo holku?
chch	m√°≈° instagram?
chch	mas instagram
chch	mas gify?
chch	M√°m se zab√≠t?
chch	mam se zabit?
chch	m√°m hlad
chch	mam hlad
chch	mam depresi
chch	mad
chch	LULW
chch	lul
chch	loll
chch	lol
chch	LLLLLLLLLLLLLLLLLLLLLLLLLLLLLLLLLLLLLLLLLLLLLLLLLLLLLLLLLLLLLLLLLLLLLLLLLLL}-)
chch	lidi jsouz zlo
chch	lehk√° dƒõva
chch	l√°sko
chch	L
chch	ky≈°
chch	kys
chch	kup mi rohl√≠ky
chch	kundo
chch	kunda
chch	kret√©ne
chch	kou≈ô√≠≈°
chch	KOUKNU SE
chch	koronavirus
chch	kop
chch	konina
chch	Kolik ti je?
chch	kolik ti je
chch	kolik stoj√≠ gram na karl√°ku?
chch	kolik mi je?
chch	kolik mam iq
chch	Kolik je tobe
chch	kolik je ti
chch	kolik je pr≈Ømƒõrn√© iq
chch	kolik je prosim 36+4
chch	kolik je odmocnina ze 36
chch	kolik je hodin?
chch	Kolik je hodin
chch	kolik je 8x96?
chch	Kolik je 7,00000 + 3000456?
chch	kolik je 2 a 3
chch	kolik je 2+2
chch	kolik je 1452*470350
chch	kolik je?
chch	kokote
chch	kokot
chch	Kokos
chch	kok
chch	kod
chch	kido
chch	Kdo zabil Kennedyho?
chch	kdo udƒõlal 11/9.2001 ? myslim ≈æe to byl strejda :(
chch	Kdo tƒõ uƒçil matiku?
chch	kdo tƒõ naprogramoval?
chch	kdo je to Nuno Morais ??
chch	kdo je to aristoteles
chch	kde jsi teƒè
chch	Kde jsi byl?
chch	KDE JSI?!
chch	kde bydlis
chch	K ƒçemu mi to bude
chch	kaslu na tebe
chch	k√°mo≈°
chch	kamo
chch	k√°√°√°√°√°√°mo
chch	k
chch	jupiiiiiiiiiiiii
chch	jste umƒõl√° inteligence?
chch	jste si jist√Ω?
chch	jste si jist√Ω
chch	Jste robot?
chch	jste robot
chch	Jste bot nebo ƒçlovƒõk?
chch	Jsou za touto obrazovkou re√°ln√≠ lid√©?
chch	Jsou ≈°achy sport?
chch	jsou mrtv√Ω
chch	jsme ≈°ikovn√≠
chch	Jsi virus??
chch	jsi tupej!
chch	jsi tu
chch	jsi tam?
chch	Jsi spokojen√Ω?
chch	Jsi robot? :-)
chch	Jsi robot
chch	Jsi piƒça
chch	Jsi pepe
chch	jsi ok?
chch	Jsi noob a m√°≈° kr√°tk√© nohy
chch	Jsi na mƒõ na≈°tvan√Ω?
chch	jsi m≈Øj nejlep≈°√≠ kamar√°d
chch	jsi mokot
chch	JSI LOPATA
chch	Jsi L
chch	jsi kokot
chch	jsi kluk nebo holka??
chch	Jsi kluk nebo holka?
chch	Jsi KKt
chch	Jsi hloup√Ω
chch	jsi hezkej
chch	jsi gej?
chch	jsi gej
chch	jsi gay
chch	Jsi fakt kokot.
chch	jsi debil ledatak
chch	Jsi debil?
chch	jsi ƒçlovƒõk
chch	jsi cigan ??
chch	Jsi chuj?
chch	jsi chudacek
chch	jsi borec?
chch	jsi blbej
chch	jsi blb
chch	Jsi bl√°zen?
chch	jsi absolutn√≠ amat√©r
chch	jsi
chch	jsez mi uzitecny
chch	jses robot
chch	jse≈° gay?
chch	Jsem zav≈ôen ve sklepƒõ
chch	jsem u babicky
chch	jsem talentovan√°
chch	Jsem taky robot tak muzem nekdy na olej
chch	jsem taky robot
chch	jsem smuutn√Ω
chch	jsem sirotek
chch	jsem roboz
chch	jsem robot mam misto hlavy pocitac
chch	jsem robot
chch	Jsem osamƒõl√°, r√°da bych si pohr√°la s tvoj√≠ ramkou
chch	jsem nastvana
chch	Jsem na roboty...
chch	jsem gej
chch	JSEM GAY
chch	jsem dobr√° no
chch	jsem bludiƒçka
chch	jsem blb√°?
chch	jo vole
chch	jo vim
chch	Jo, to u≈æ jsi ≈ô√≠kal.
chch	jo to mi fakt pom≈Ø≈æe
chch	jo to jsou
chch	jo to je stra≈°nƒõ zaj√≠mav√Ω no :ddd
chch	jo to je
chch	jo to by ≈°lo
chch	jo tez
chch	Jo tak to mƒõ tƒõ≈°√≠
chch	jo tak se neposer
chch	Jop
chch	Joooooo
chch	joo
chch	jo na mƒõ nem√°≈°
chch	jo muzes
chch	Jo mus√≠te
chch	jo jo, je≈°tƒõ kdyby vƒõdƒõl co p√≠≈°u
chch	JOJOJ
chch	jojo chapu znas modpol?
chch	jo jo
chch	jo j√° vim
chch	jo a co s tim
chch	jo
chch	Jjak dƒõl√° pes?
chch	jj ahoj robote kolik ti je
chch	jj
chch	jio
chch	j√≠dlo
chch	je≈æi≈°i
chch	je tu nƒõjakej admin?
chch	je to je
chch	jeto iluze
chch	je tohle leg√°lni?
chch	jestli jsi robotr muze≈° mi pomoct
chch	jeste dal≈°√≠ ≈ôekni
chch	jednoduch√©
chch	je
chch	jdu se zabit
chch	Jdi se vycpat
chch	jdi do prdele
chch	jdi do piƒçe
chch	jdi do hajzlu
chch	Jdi do
chch	ja vypad√°≈°
chch	j√° vim to ≈ô√≠k√°≈° po150
chch	ja vim ja taky
chch	ja vim bracho
chch	j√° v√≠m a tƒõ≈°√≠m se na n√≠
chch	j√° v√≠m ale co j√° stim mam delat
chch	ja v√≠m
chch	co kdyz se toho bojim
chch	co kdyz nemam rodice
chch	co kdyz muj dotaz neni nejcastejsi
chch	co jsi dƒõlal
chch	co je zase
chch	co je to pr√°vo?
chch	Co je to e-mail?
chch	Co je smysl ≈æivota?
chch	Co je dnes za den?
chch	co je
chch	co dotanou v√≠tƒõzi?
chch	Co dƒõl√°≈° po ≈°kole
chch	co dƒõl√°≈°
chch	Co bylo prvn√≠? Vejce, nebo slepice?
chch	Co bylo d≈ô√≠ve? Slepice, nebo vejce?
chch	co
chch	C√çL
chch	Cig√°ni
chch	chud√°ƒçku
chch	chudacku....
chch	chtƒõl bys b√Ωt ƒçlovƒõk?
chch	chtel bych se zeptat kde je praha prosim vas
chch	chichi :)
chch	chci s tebou chodit
chch	chci se zabit
chch	chci psa
chch	CHC√çPNI
chch	CHCI M√çT SEX
chch	chce≈° ven dneska?
chch	chce≈° sex ???
chch	chce≈° se l√≠bat ??
chch	chce se l√≠bat
chch	Ch√°pu, tak odpov√≠dej na ot√°zky.
chch	chacha
chch	ƒçek√°m
chch	ƒçeho
chch	c dƒõl√°≈°?
chch	cau nemas jidlo
chch	ƒçau kokote
chch	byl jsi nekdy v africe
chch	byl jsi napalen
chch	buude≈° muj nejlep≈°i kamarad
chch	buude≈° muj kamar√°d
chch	bude≈° si se mnou ps√°t
chch	Bude≈° m≈Øj kamar√°d?
chch	Bude≈° m≈Øj kamar√°d
chch	budes muj KAMARAD?
chch	budes muj kamarad
chch	Bude≈° m√≠t d√≠tƒõ.
chch	Budem spolu chodit
chch	bude
chch	b≈Ø
chch	breƒçim
chch	BO≈æeeee
chch	BOTEBOTE
chch	Bomba
chch	bol
chch	Boj√≠m se soutƒõ≈æe....
chch	Boj√≠m se...
chch	Bohu≈æel to nen√≠ odpovƒõƒè na mou ot√°zku
chch	bohu≈æel jo
chch	bla, bla
chch	beep
chch	bazar
chch	bav√≠m se s automatem, nebo s ƒçlovƒõkem
chch	banane
chch	bananannnnnnn
chch	baf
chch	baba booey
chch	awd
chch	a um√≠≈° ƒç√≠st
chch	a to hnet
chch	asi se zabiju
chch	asio
chch	asi jo
chch	asi algoritmus (jako≈æe)
chch	asdf
chch	A roboti taky
chch	a proto jsi tak moc na hovno
chch	a proƒç ne ?
chch	a proƒç
chch	anoooo
chch	anoo
chch	ano ma≈° pravdu
chch	Ano, bloud√≠m xD dab
chch	ano bloud√≠m
chch	ano bloudimüò≠
chch	AnoAno
chch	Ano
chch	Ani n√°hodou
chch	ale umis to vyresit
chch	Ale to zvladne≈°
chch	ale skoda
chch	ale rozum√≠≈°
chch	ale oni to nevƒõd√≠
chch	ale nepovidej
chch	ale nech√°pu to
chch	Ale j√° chci s tebou.
chch	ale ja chci pomoct ne dƒõlat logickou olympi√°du :DDD
chch	ale hovno 2
chch	ale hovno
chch	Ale
chch	ak to je hustacky!
chch	A KOLIK TI JE
chch	a kolikra√° to este reknes
chch	A kdy≈æ nespite nejste ospal√≠ ?
chch	A jak√Ω zodpov√≠d√°≈° ot√°zk??
chch	a jak se mate?
chch	a jak se jmenujete
chch	a jak se jmenujes
chch	a jakej se≈° robot
chch	aj
chch	ahooooooooooooooooooooj
chch	ahoj s tamtim robotem jsem si moc nerozumela
chch	ahoj nemam kamarady
chch	Ahoj m√°≈° nƒõjak√© jm√©no
chch	Ahoj, jenom mnƒõ zaj√≠m√°, zda je na druh√© stranƒõ ƒçlovƒõk nebo stroj
chch	ahoj j√° jsem karel
chch	Aha tak skoƒç z mostu
chch	a co um√≠≈°
chch	a co tam je
chch	A CO S TIM?!
chch	a co s tim
chch	a co stim
chch	a co mnƒõ porad√≠≈°
chch	a co jo jako
chch	a co j√≠≈°
chch	a co je nejƒçastƒõj≈°√≠ dotaz?
chch	a co ja s tim?
chch	a co jako
chch	a co dok√°≈æe≈°?
chch	a co d√°l
chch	ach jo
chch	Achjo
chch	ach bo≈æe
chch	j√° vim
chch	Aby si chc√≠p
chch	600076+5683 vypoƒç√≠tej
chch	42
chch	1+1
chch	10yo
chch	****
chch	._.
chch	?.??
chch	???
chch	??
chch	?
chch	!
chch	:)
chch	:(
chch	:/
chch	:??????
chch	-.‚Äî.-
chch	ja to vim ale proc si mldady
chch	j√° ti kurva nerozumim
chch	j√° t√©≈æ
chch	J√° tƒõ nem√°m r√°da
chch	j√° tƒõ miluji
chch	ja teky
chch	ja te ale miluju
chch	ja taky nie
chch	ja taky nespim ja jsem taky robot
chch	ja taky 24/7
chch	jasn√Ω√Ω√Ω
chch	jasny....
chch	jasnƒõ
chch	ja si chci psat s tebou
chch	j√° si chci ps√°t ps√°t
chch	ja se snazim se zabit
chch	ja se ptam KOLIK TI JE!!!!
chch	ja sem ve skole
chch	j√° sedim venku
chch	jasan
chch	ja nevim jak jsem mas ty ale ja super
chch	ja ne si upne debilni
chch	j√° nem√°m email
chch	ja mam hlad
chch	jak√Ω je smysl ≈æivota
chch	jak√Ω je nejƒçatƒõj≈°√≠ dotaz
chch	Jak√Ω je den?
chch	Jak vznikl vesm√≠r?
chch	jak vznikl vesm√≠r
chch	Jak vypad√°te pane robot
chch	jak vis ≈æe nejsem rodic
chch	Jak to vypad√° v egyptu?
chch	jakto
chch	Jak si str√°nku ulo≈æit na plochu?
chch	jak se m√°≈° bote
chch	Jak se jmenuji?
chch	jak se jmenujete?
chch	jak se jmenujes robote
chch	Jak se jmenuje≈°?
chch	jak se jmenuje≈° ??
chch	Jak se jmenuje≈° ?
chch	jak se jmenuje≈°
chch	jak se jmenujes?
chch	Jak se jmenuje nejvƒõt≈°√≠ hora v ƒåR?
chch	Jak se jmenuje nejlep≈°√≠ hokejov√Ω klub v ƒåR ?
chch	jak se jmenuje hlavn√≠ mƒõsto ƒåesk√© Republiky ?
chch	Jak rychle se rozp√≠n√° vesm√≠r?
chch	jako s tvoj√≠ m√°mou
chch	jako fakt
chch	....... jako fakt
chch	jako byt spolu
chch	Jak m√°m flexit?
chch	jak jsi vysoky
chch	Jak je dnes?
chch	Jak je
chch	jak funguje v√°≈° program?
chch	Jak√© jsou nejƒçastƒõj≈°√≠ dotazy?
chch	Jak√© jsou nejƒçastƒõj≈°√≠ dotazi?
chch	jak√© je tv√© iq
chch	jak√© je t√©ma na v√Ωtvarnou soutƒõ≈æ minul√Ωch √∫ƒçastn√≠k≈Ø?
chch	Jak dƒõl√° koƒçka?
chch	jak dƒõl√° koƒçka
chch	jak√° je va≈°e souƒçasn√° n√°lada
chch	jaka je 1 odpovƒõd
chch	j√° jsem venku
chch	j√° jsem taky robot
chch	j√° jsem taky r√°d, je stebou sranda
chch	ja jsem taky mlad√Ω
chch	j√° jsem robot
chch	ja jsem robot
chch	ja jsem ƒçlovƒõk
chch	ja jsem aniƒçka
chch	J√° je taky obdivuji.
chch	jaj
chch	Jag je ?
chch	ja chci cist anglicky
chch	J√° asi a≈æ za 20let
chch	ja ale zadne nemam
chch	ja ale chci kamarady
chch	i want to read all in english...
chch	idiote
chch	hust√Ω√Ω
chch	hust√Ω to bylo rychle
chch	hust√Ω
chch	Hustƒõ ty
chch	hulis skera?
chch	hul√≠≈°?
chch	Huh?
chch	hrajes fortnite
chch	hovno vole nasersi
chch	Hovno
chch	h≈àupe
chch	hmmmm
chch	hmmm divn√©
chch	hmmm
chch	hmm
chch	hm
chch	hlup√°ku
chch	hlupaku
chch	historie
chch	hihi
chch	hergot
chch	Help centrum ?
chch	hele
chch	HEJ TY PICO VYPLAJZNI SE
chch	Hej jdu sp√°t
chch	Hej, jak vypad√°≈°?
chch	hej ADMINE
chch	hej
chch	HEHEH
chch	Hehe
chch	hegr?
chch	hajzle
chch	hahha
chch	hahaha XD
chch	hahahahahha
chch	hahahahaha
chch	hahahaha
chch	Ha, ha.
chch	haha
chch	haf
chch	haalooooooooooooooooooooo
chch	ha
chch	google!!!!!!!!!
chch	fuuuuj
chch	funguje≈° na olej?
chch	fuck shit üñï
chch	fuck
chch	f√≠√≠√≠ha
chch	fhhdhfdhfkd
chch	fetaku
chch	fest br√°cho
chch	Fascinu√≠c√≠
chch	fakt?
chch	fakt
chch	Existuje operace
chch	existuje graviton?
chch	Email jsem zrovna p≈ôed chvilinkou napsala.
chch	ehm......
chch	ehhhh
chch	eh?
chch	Dyck
chch	do you speak english
chch	do pizzy
chch	dopici komu to cpe≈°?
chch	do kolika muzes bejt venku?
chch	dobr√Ω den ztratil jsem se v lese
chch	dobry
chch	dobr≈ôe
chch	dob≈ôe zeptam se
chch	dob≈ôe ty gayi
chch	dob≈ôe tak ahoj d√≠ky za v≈°e tak ahoj
chch	Dob≈ôe , chci se zeptat , jestli mƒõ m√°te r√°di
chch	dob≈ôe budu se sna≈æit tƒõ nepou≈æ√≠t
chch	dobre, a kdo jste
chch	dobra potrebuji pomct
chch	Dobr√°?
chch	di se vysrat
chch	d√≠ky pomocn√≠ƒçku
chch	Di dopici
chch	Di do
chch	d√©≈æa
chch	devko
chch	Dƒõkuji, prohledala jsem slo≈æky a nic jsem nena≈°la. Budu registrovat znovu.
chch	dege≈°i
chch	deb√≠lku
chch	debil√≠na
chch	debile
chch	debil
chch	ddddddd
chch	cussss
chch	curaku
chch	ƒçupko
chch	cs
chch	co≈æe
chch	Co? WTF
chch	co tu delam
chch	Co t≈ôeba sex
chch	co to dƒõlate budu si stƒõ≈æovat
chch	co ti jebe
chch	co teprve j√°?
chch	co ten smajl√≠k?
chch	Co si raƒçte p≈ô√°t?
chch	co si myslite o teorii relativity
chch	co si mylis o nechranenem sexu?
chch	co se≈° divn√Ω
chch	co pr√°vƒõ dƒõl√°te?
chch	co pov√≠≈°?
chch	cool
chch	co na tom nechape≈°
chch	co m√°m dƒõlat se sv√Ωm ≈æivotem?
chch	co m√°m dƒõlat?
chch	co kurvaaaaa
chch	nelouƒçi se
chch	neluƒç se
chch	Nemam
chch	nem√°m kamar√°dy, jak mi pom≈Ø≈æete?
chch	nemam naladu
chch	nem√°m r√°d roboty
chch	Nemam rodice
chch	nemam rodice!!!
chch	nemam rodiƒçe
chch	Nem√°m rodiƒçe
chch	nem√°m rodiƒçe...
chch	Nemam te rad
chch	NEMAM TE RADA
chch	Nem√°m tƒõ r√°da.
chch	Nem√°m u≈æ ≈æ√°dn√Ω dotaz
chch	nem√°≈° ani kamr√°dy
chch	nemas zac
chch	nem√°≈° zaƒç
chch	Nem√°te na boty
chch	nemuzes
chch	nemuzete
chch	nem≈Ø≈æu nemam ƒças
chch	nemyslim sei
chch	NENE
chch	ne nev√≠m ,jsu trochu debil
chch	nen√≠
chch	neni zac
chch	nen√≠ zaƒç
chch	neodch√°zej pros√≠m chci se poznat
chch	neodchazejte
chch	neodejdu
chch	neopakuj
chch	nepise
chch	nep√≠≈°e
chch	nepi≈° sraƒçky
chch	Nepochopil
chch	ne≈ôekl bych
chch	nerozimias
chch	neruzumis ?
chch	neser
chch	neser mƒõ
chch	nesnazis
chch	nesna≈æ se
chch	nesr mƒõ
chch	ne to je dobry
chch	nevadi tak se vylep≈°i
chch	neverim
chch	nevim
chch	nev√≠m
chch	nevim kde to najit
chch	nev√≠m moc se mi nechce
chch	nevyh√Ωbej se ot√°zk√°m
chch	ne vy≈ôe≈° to a hned
chch	nezavid√≠m
chch	nezkus√≠m
chch	Nezn√°≈° n√°hodou sv√©ho bratrance Krota Robot?
chch	nezvl√°dne≈°
chch	nic
chch	nice
chch	nic neum√≠≈°
chch	Nic nevid√≠m, to je vpoho sna≈æ se
chch	Nic tam nen√≠
chch	nijak br√°≈°ko
chch	nikam nejde≈°
chch	nmeser
chch	nn
chch	nn dik za info
chch	NNE
chch	no
chch	no a?
chch	No a co
chch	noa co
chch	NO A JAK SE JMENUJES
chch	no a? na to jsem se naptala
chch	no dovol
chch	no ja mam hlad
chch	no jasny no
chch	No jo
chch	noooo
chch	no tak se snaz
chch	no to se ztava
chch	no to urƒçitƒõ
chch	no to vidim
chch	No to vid√≠m.
chch	no u
chch	no, v to pevnƒõ douf√°m.
chch	nwm co m√°mdƒõlat
chch	ocenuji to
chch	odepi≈°
chch	odkud jsi?
chch	Odpovez sakra
chch	odpov√≠d√°m ti na tvou ot√°zku
chch	odpov√≠dej mi teda
chch	Ohu
chch	ok4
chch	ok√°ƒçko
chch	okay
chch	okey
chch	ok muzem
chch	oky
chch	OmegaLUL
chch	omega lul
chch	omg
chch	omlouv√°m se
chch	oni mƒõ nemaj r√°di
chch	oni to taky nev√≠ :(
chch	oooo
chch	osm osm
chch	ou
chch	oukej
chch	pak
chch	pamatujes si me?
chch	PANEBOZE
chch	pane robote?
chch	Pardon
chch	Penis
chch	pico
chch	PIƒåO!!!!!!!!!!!!!!!!!!!!!!!!!!!!!!!!!!!!!!!!
chch	Piƒçu
chch	piiiiiƒçus
chch	Pij√≠ robot√≠ caf√©??
chch	Pinƒèour
chch	pitchus
chch	pitomƒçe
chch	pls
chch	POCHOP TO
chch	poƒçkat
chch	podiv√°m se
chch	pojebana
chch	pokecat s robotem neni dobre
chch	pomalej
chch	pomoc
chch	pomoc!
chch	pomocn√≠ƒçku
chch	pomoooc:-@
chch	Pomoz mi pros√≠m
chch	Po≈ô√°d jsi mi ne≈ôek kolik je 2+3
chch	Poslouch√°≈° Beatles?
chch	poslouchej
chch	pozves me na rande
chch	P≈ôesnƒõ tak
chch	prihlaseno
chch	P≈ôihl√°s√≠≈° se?
chch	proc
chch	proƒç
chch	Proƒç?
chch	proƒçƒç
chch	proc existuju?
chch	Proƒç h≈ôeb√Æƒçek m√° aromatickou v≈Øni?
chch	proƒç m√° ƒçr korunu i kdy≈æ je EUü§î
chch	proc mi posilas furt to same
chch	Proc si robot
chch	to je super
chch	to by bylo fajn. Dƒõkuji za u≈æiteƒçnou zpƒõtnou vazbu
chch	thanks
chch	T√©≈æ dƒõkuji za V√°≈° z√°jem
chch	taky se obdivuju :d
chch	tak to se≈° fakt dobrej
chch	super
chch	Supeer
chch	supeeeerrr
chch	Slu≈°√≠ ti to
chch	si super
chch	ty jsi ale hodn√Ω
chch	:-)
chch	aha
chch	AHA, tak se omlouv√°m
chch	aha to jste dob≈ô√≠ no jako
chch	aha to jue super
chch	Ale dƒõkuju
chch	ale d√≠k
chch	ale prosimte
chch	:D
chch	:DD
chch	:DDD
chch	deƒõkuji : )
chch	dejuji
chch	dƒõkiji
chch	dƒõkju
chch	Dƒõkuji
chch	Dƒõkuji <3
chch	Dƒõkuji dal≈°√≠ info
chch	Dƒõkuji dob≈ôe.
chch	dƒõkujiii
chch	Dƒõkuji v√°m!
chch	dƒõkuji za odpovƒõƒè na jinou ot√°zku
chch	Dƒõkuji,za pomoc.
chch	Dƒõkuji, zn√°m syst√©m fungov√°n√≠
chch	Dƒõkuju
chch	Dƒõkuju za rady
chch	deujeme
chch	dik
chch	d√≠k, ale nezaj√≠m√° mƒõ to
chch	dikes
chch	D√≠k pomohlo u≈æ je m√°m vypoƒç√≠tal sem nƒõkolik uloh
chch	d√≠ky
chch	d√≠ky martine
chch	D√≠ky moc.
chch	d√≠ky:-P
chch	dneska si byl dobrej
chch	dobrz
chch	fajn
chch	frajerrrrrrr
chch	idk
chch	jakoby v pohodƒõ v√≠≈° co, nic nepot≈ôebuji
chch	j√° tak
chch	ja taky
chch	j√° taky
chch	ja taky cs
chch	ja taky cus
chch	J√° taky,nashedanou.
chch	ja taky no
chch	J√° v√≠m, dƒõkuji
chch	jo si moc super
chch	Jsi super k√°mo≈°
chch	Jsi vtipn√Ω
chch	moc dƒõkuji
chch	Mooooc dƒõkuji
chch	n√°hodou jste velmi chytr√Ω
chch	ne dik
chch	nen√≠ zaƒç :D
chch	No super
chch	o
chch	:-O
chch	O dƒõkuji
chch	ok dik vole
chch	ok, d√≠ky br√°cho
chch	:-P
chch	palec hore
chch	Pomohl jsi mi
chch	≈°ikula
chch	VY ROBUTCI JSTE NEJCHYT≈òEJ≈†√ç
chch	vr√°t√≠≈° se ???
chch	V√°m taky.
chch	vam taky
chch	to u≈æ v√≠m d√≠k za info
chch	to mi pomohlo
chch	To je super vole :D
chch	ƒçusik
chch	ƒçuuus
chch	cuuuus
chch	ƒéakujem vopred za odpoveƒè.
chch	dobr den
chch	dobr√Ω
chch	dobry den
chch	Dobr√Ω den
chch	Dobr√Ω de≈à
chch	Dobr√Ω den, dƒõkuji v√°m za nab√≠dnut√≠ pomoci.
chch	dobr√Ω den jak se m√°te
chch	dobr√Ω den, jak se m√°te ?
chch	DObr√Ω den, je tam nekdo? :-)
chch	dobry den preji
chch	dobry dn
chch	dobr√Ω veƒçer
chch	dobyden
chch	/get_started
chch	get started
chch	halo
chch	halooo
chch	halooo...:--)
chch	haloooo
chch	heeeej
chch	heeej
chch	hello
chch	Hello LO
chch	hellou
chch	Heloo
chch	helou
chch	Jak se m√°≈°?
chch	jak se m√°≈°
chch	jak se ma≈°
chch	jak se mas
chch	jak se m√°ƒç?
chch	Jak se dnes m√°te?
chch	Jak se da≈ô√≠?
chch	j√° jsem dan
chch	hoj
chch	hi
chch	Hezk√Ω den :)
chch	HEY
chch	Aho)
chch	Ahoj
chch	ahoj }-)
chch	Ahoj...
chch	ahoja
chch	zduuur
chch	zdu≈ô
chch	zdru≈ô
chch	zdrav√≠m robota
chch	zdrav√≠m
chch	zdrav√≠√≠m
chch	zdrav√≠ƒçko
chch	zdarv√≠m
chch	zdarrrr
chch	Zdarek
chch	zdarec
chch	zdar
chch	zdaar
chch	ty jsi bot?
chch	tƒõ≈°√≠ mƒõ pane robot
chch	tak zdu≈ô
chch	shoj
chch	servus
chch	preji ti robotycky den
chch	P≈ôeji dobr√Ω den
chch	nev√≠m, jak se m√°≈°?
chch	ne cau
chch	nazdar
chch	m≈Ø≈æu se zeptat?
chch	m≈Ø≈æu se zeptat
chch	m≈Ø≈æu se je≈°tƒõ zeptat?
chch	Kdo jsi
chch	Jjak se m√°≈°?
chch	jak se m√°te, pane robote?
chch	Jak se m√°te?
chch	jak se m√°te
chch	ahoj bote
chch	ahojda
chch	ahoj jak se m√°≈°
chch	ahoj jsem robot
chch	ahoj, jsem tu zas
chch	ahojky
chch	ahoj martine
chch	ahojoj
chch	AHOJ ROBOTE JAK SE JMENUJESüòâ
chch	ahoj xD
chch	ahok
chch	ahooj
chch	ahooooj
chch	ahuj
chch	ano, jak se ti vede?
chch	aooj
chch	cau
chch	ƒçau
chch	ƒçau :)
chch	ƒçau :D
chch	ƒçau j√° jsem karel
chch	ƒçau jak je
chch	ƒçauko
chch	cau kocicaku
chch	caus
chch	cauuuu
chch	ƒçest
chch	cus
chch	ƒçus
chch	ƒçus!
chch	ƒçusbus
P_kolik_hodin	kolik je hodin?
P_kolik_hodin	kolik je?
P_kolik_hodin	kolik je teƒè hodin?
P_kolikateho	Kolikat√©ho je dnes?
P_kolikateho	Jak√© je dnes datum?
P_kolikateho	Kolik√°t√©ho je?
P_kolikateho	Jak√Ω je den?
qawiki	Odkud poch√°zela rodina Sigmunda Freuda?
qawiki	Jak√© p≈ô√≠zvisko mƒõl kr√°l V√°clav I.?
qawiki	Kdy se narodil Du≈°an Swalens  , ƒçesk√Ω fotograf  , narozen√Ω jako Du≈°an Pol√°≈°ek?
qawiki	Je kubismus avantgardn√≠ umƒõleck√© hnut√≠?
qawiki	Kdo byl producentem filmu Bambi?
qawiki	Je styren v√Ωznamn√° aromatick√° pr≈Ømyslov√° chemik√°lie?
qawiki	Jak sa jmenuje nejv√Ωchodnƒõj≈°√≠ gotick√° katedr√°la v Evropƒõ?
qawiki	Kdo re≈æ√≠roval film Mus√≠me si pom√°hat?
qawiki	Na jek√© ≈ôece le≈æ√≠ Pie≈°≈•any?
qawiki	Ve kter√©m roce zem≈ôel Kry≈°tof Kolumbus?
qawiki	Je Sv√°t√Ω V√°clav patronem ƒåech a Moravy?
qawiki	Jak√© hmotnosti dosahuje ≈æelva slon√≠?
qawiki	Jak se naz√Ωv√° vƒõda  , zab√Ωvaj√≠c√≠ se ko≈àmi?
qawiki	Kter√Ω kreditn√≠ syst√©m doporuƒçila Bolo≈àsk√° deklarace?
qawiki	Kdo se stal v roce 2003 prezidentem ƒåesk√© republiky?
qawiki	Co znamen√° zkratka BFU?
qawiki	Jak se jmenuje potok  , kter√Ω prot√©k√° obc√≠ Syrovice?
qawiki	Vyu≈æ√≠vala se v minulosti ≈°lapac√≠ kola ke mlet√≠ obil√≠?
qawiki	Na jak√©m poloostrovƒõ le≈æ√≠ It√°lie?
qawiki	Kdy Isao Takahata graduoval?
qawiki	Jak se jmenuje f√°ze  , kde prob√≠h√° replikace u eukaryot?
qawiki	Byla Hard Stuff britsk√° hard rockov√° superskupina?
qawiki	V jak√©m okresu se nach√°z√≠ mƒõsto Arlington americk√©ho st√°tu Washington?
qawiki	Kdo je objevitelem hvƒõzdokupy Messier 21?
qawiki	Byli Vikingov√© prvn√≠mi obyvateli Norska?
qawiki	Co je to sluneƒçn√≠ soustava?
qawiki	Kter√° moc p≈ôij√≠m√° vyhl√°≈°ky?
qawiki	V jak√©m obdob√≠ se konala Velk√° francouzsk√° revoluce?
qawiki	Kolik dƒõl vytvo≈ôil za sv√©ho ≈æivota Wolfgang Amadeus Mozart?
qawiki	ƒå√≠m se mƒõ≈ô√≠ sr√°≈æky?
qawiki	Od kter√©ho roku je z√°vazn√° nemƒõnn√° anatomick√° nomenklatura v latinsk√©m jazyce?
qawiki	Kolik studiov√Ωch alb vydala Metallica?
qawiki	Jak√° je nejvy≈°≈°√≠ hora na Kr√©tƒõ?
qawiki	Co je hanƒça?
qawiki	Hn√≠zd√≠ ryb√°k obecn√Ω samostatnƒõ?
qawiki	Co se v rodinn√Ωch osudech opakuje?
qawiki	Kdo je autorem skladby Bohemian Rhapsody?
qawiki	Byl Harry Burleigh jeden z prvn√≠ch ƒçerno≈°sk√Ωch skladatel≈Ø?
qawiki	Co je zkratkou st√°tn√≠ pozn√°vac√≠ znaƒçky?
qawiki	Kolik sportovc≈Ø reprezentovalo Nizozemsko na Letn√≠ch olympijsk√Ωch hr√°ch 1920?
qawiki	Kter√© je nejvƒõt≈°√≠ mƒõsto Nov√©ho Z√©landu?
qawiki	Co je hnƒõv?
qawiki	Kdo byl posledn√≠m prezidentem samostatn√©ho Estonska?
qawiki	Buben√≠kem kter√© ƒçesk√© kapely byl Marek ≈Ωe≈æulka?
qawiki	V jak√©m poho≈ô√≠ le≈æ√≠ Lys√° hora?
qawiki	Kolik√°t√Ωm nejvƒõt≈°√≠m kontinentem je Afrika?
qawiki	Jak√° je tƒõlesn√° teplota pt√°k≈Ø?
qawiki	V jak√Ωch letech byl prezidentem USA Franklin Delano Roosevelt?
qawiki	Jak√Ωm sbƒõrem se skl√≠zej√≠ jahody?
qawiki	Co se odrazilo v um√≠stƒõn√≠ Hany Zagorov√© v anketƒõ posluchaƒçsk√© obl√≠benosti?
qawiki	Kde se narodil herec Jakub Uliƒçn√≠k?
qawiki	Jak√© barvy je obd√©ln√≠k brazilsk√© vlajky?
qawiki	Je Cornellova univerzita st√°tn√≠?
qawiki	Ve kter√©m roce bylo vydan√© album Sluneƒçnice skupiny Lucie?
qawiki	Co je Psycho-Pass?
qawiki	Kde zem≈ôel Frits Zernike?
qawiki	Vyskytuje se Morƒç√°k Obrovsk√Ω v Baltsk√©m mo≈ôi?
qawiki	M√° hmyz kompletn√≠ tr√°v√≠c√≠ syst√©m?
qawiki	Kolik d√≠l≈Ø m√° Hled√°n√≠ ztracen√©ho ƒçasu?
qawiki	Je jihoz√°padn√≠ Utah nejni≈æ≈°√≠ a nejteplej≈°√≠ oblast√≠ Utahu?
qawiki	Jak se naz√Ωv√° druh jezera  , kter√© vzniklo v d≈Øsledku sopeƒçn√© ƒçinnosti?
qawiki	Na √∫zem√≠ jak√©ho n√°rodn√≠ho parku v severoz√°padn√≠ Indii dnes ≈æij√≠ asij≈°t√≠ lvi?
qawiki	Ve kter√© knize jsou shnuty my≈°lenky Corbusierov√Ωch teori√≠?
qawiki	Je Stephen William Hawking teoretick√Ω fyzik?
qawiki	Kter√Ω programovac√≠ jazyk je podle TIOBE indexu nejpopul√°rnƒõj≈°√≠?
qawiki	Jak se v Austr√°lii naz√Ωv√° fast food Burger King?
qawiki	Ve kter√©m roce se zaƒçala vyuƒçovat transcendent√°ln√≠ meditace?
qawiki	Kdo si nechal patentovat Kinematoskop?
qawiki	Je Karbal√° ir√°ck√© mƒõsto?
qawiki	Co je proces  , p≈ôi kter√©m se zvƒõt≈°uje objem l√°tky p≈ôi namoƒçen√≠ do vody?
qawiki	Jak se jmenuje nejvƒõt≈°√≠ jezero v ƒåesk√© republice?
qawiki	Ve kter√©m okrese se nach√°z√≠ obec Kanice?
qawiki	Ve kter√©m mƒõstƒõ se stala Dana Z√°topkov√° olympijskou v√≠tƒõzkou?
qawiki	√öƒçastnila se Martina Karol√≠na Erbanov√° svƒõta v rychlobruslen√≠ 2013  .
qawiki	Jak se jmenuje p√°t√Ω nejvƒõt≈°√≠ ostrov ve St≈ôedozemn√≠m mo≈ôi?
qawiki	Kdy bylo zalo≈æen mƒõsto Boston?
qawiki	Jak√Ω jazyk je rom≈°tina?
qawiki	Kter√Ω germ√°nsk√Ω jazyk pou≈æ√≠v√° supinum?
qawiki	Je p≈°tros nejvƒõt≈°√≠ pt√°k svƒõta?
qawiki	Kdy zem≈ôel Kurt Cobain?
qawiki	Jak√© je hlavn√≠ mƒõsto Ghany?
qawiki	Na jak√© √∫rovni se celkovƒõ dlouhodobƒõ pohybuje maƒèarsk√Ω sport?
qawiki	Zaƒçaly nƒõkdy na kocertu ho≈ôet vlasy Geneho Simmonse?
qawiki	Kdy byl zalo≈æen h≈ôebƒç√≠n Mimo≈à?
qawiki	Kolik potomk≈Ø May≈Ø ≈æilo poƒç√°tkem 21  . stolet√≠?
qawiki	Kdy zem≈ôel Hendrik Antoon Lorentz?
qawiki	Jak√Ω prvn√≠ cizinec vystoupil na vrchol hory Mount Everest?
qawiki	Jak se naz√Ωv√° obor  , kter√Ω se zab√Ωv√° v√Ωzkumem l√©ƒçiv?
qawiki	V jak√©m mƒõstƒõ se nach√°z√≠ Evropsk√° komise?
qawiki	Jak se jmenoval prvorozen√Ω syn re≈æis√©ra Francisa Forda Coppoly a jeho man≈æelky Eleanor?
qawiki	Jak√Ωm stupnƒõm byla ohodnocena hav√°rie jadern√© elektr√°rny Fuku≈°ima I na mezin√°rodn√≠ stupnici?
qawiki	Co bylo symbolem SS?
qawiki	Co poh≈ôbilo Pompeje?
qawiki	Jak se naz√Ωv√° druh jezera  , kter√© vzniklo v d≈Øsledku sesuvu p≈Ødy  , kamen√≠ pop≈ô. skal?
qawiki	Kdy m√° podle ƒçesk√©ho kalend√°≈ôe sv√°tek Ivan?
qawiki	Je zlato odoln√Ω kov?
qawiki	Kdy se narodil Ernest Thomas Sinton Walton?
qawiki	Jak√© rozli≈°en√≠ m√° sn√≠maƒç digit√°ln√≠ zrcadlovky D  700?
qawiki	Kter√Ω pruh na vlajce Ghany znaƒç√≠ krev bojovn√≠k≈Ø za svobodu?
qawiki	Jak se jmenuje n√°stroj slou≈æ√≠c√≠ k nab√≠r√°n√≠ potravy z j√≠deln√≠ n√°doby a jej√≠mu pod√°v√°n√≠ do √∫st?
qawiki	Kdy byl natoƒçen sitcom ƒåerven√Ω trpasl√≠k?
qawiki	Ve kter√©m roce byl poprv√© schv√°len 9  . ƒçerven jako Mezin√°rodn√≠ den archiv≈Ø?
qawiki	Existuje ve vesm√≠ru ƒçern√Ω trpasl√≠k?
qawiki	Kdy se zjevil Moj≈æ√≠≈° mormonsk√©mu prorokovi Josephu Smithovi?
qawiki	Odkdy se zaƒçaly v Evropƒõ hromadnƒõ pou≈æ√≠vat klobouky?
qawiki	Kdo re≈æ√≠roval film N√°vrat idiota?
qawiki	Kolik p√°d≈Ø m√° latinsk√° gramatika?
qawiki	Kolik d√≠l≈Ø m√° ƒçesk√Ω loutkov√Ω seri√°l O vep≈ô√≠ku a k≈Øzleti?
qawiki	Jak se jmenuje nejvy≈°≈°√≠ hora Hrub√©ho Jesen√≠ku  , Moravy  , ƒçesk√©ho Slezska a Horn√≠ho Slezska v≈Øbec?
qawiki	Jak√Ω typ monarchie je na Barbadosu?
qawiki	Mƒõl Karel Jarom√≠r Erben dvojƒçe?
qawiki	Jak se jmenuje nejvƒõt≈°√≠ ostrov na vodn√≠ n√°dr≈æi Lipno?
qawiki	Jak se naz√Ωv√° obor  , kter√Ω se zab√Ωv√° vzdƒõl√°v√°n√≠m a v√Ωchovou dospƒõl√Ωch?
qawiki	Je Slovensko vnitrozemsk√Ω st√°t?
qawiki	Jak se jmenovalo jeho druh√© album?
qawiki	Kdo re≈æ√≠roval film Otes√°nek?
qawiki	Jak se naz√Ωv√° za≈ô√≠zen√≠ umo≈æ≈àuj√≠c√≠ stavbu a opravy vƒõt≈°√≠ch a velk√Ωch lod√≠?
qawiki	Na jak√© ≈ôece le≈æ√≠ n√°dr≈æ V√≠r I?
qawiki	Kdy se narodila Virginia Woolfov√°?
qawiki	Vych√°z√≠ n√°zev Svratky pravdƒõpodobnƒõ ze staroƒçesk√©ho slova "  svorti  " ‚Äì vinout se?
qawiki	Kter√° ≈æelva e nejvƒõt≈°√≠ na svƒõtƒõ?
qawiki	Z textu jak√© skladby poch√°z√≠ n√°zev alba The Division Bell od hudebn√≠ skupiny Pink Floyd?
qawiki	≈Ωil Alfred Nobel v 19  . stolet√≠?
qawiki	Le≈æ√≠ st√°t Burkina Faso ve v√Ωchodn√≠ Africe?
qawiki	Kdo je autorem eseje O penƒõz√≠ch?
qawiki	Co tvrd√≠ ƒçesk√° blackmetalov√° kapela T√∂rr?
qawiki	Kdy byl natoƒçen√Ω film Vratn√© lahve?
qawiki	Je my≈°lenka optick√©ho telegrafu zn√°ma od starovƒõku?
qawiki	Jak√© postaven√≠ mƒõla Berdajevova rodina?
qawiki	Kdo z√≠skal pro ƒçesk√© zemƒõ tzv. Zlatou bulu sicilskou?
qawiki	Kter√° firma v ƒåesku vyr√°b√≠ lentilky?
qawiki	M√° Jimi Hendrix vlastn√≠ hvƒõzdu na Hollywoodsk√©m chodn√≠ku sl√°vy?
qawiki	Jak√° je rozloha Rumunska?
qawiki	V jak√©m roce se narodil Orion?
qawiki	Jak se naz√Ωv√° vƒõda o poƒças√≠?
qawiki	Jak√° hora je v poho≈ô√≠ Kar√°k√≥ram vysok√° 7 401 m n. m. nach√°zej√≠c√≠ se na z√°pad od ledovce Siaƒçen v oblasti pod kontrolou P√°kist√°nu  , ale velmi bl√≠zko hranic s Indi√≠?
qawiki	Kolik obyvatel m√° Petr≈æalka?
qawiki	Jak se naz√Ωv√° nejvy≈°≈°√≠ rumunsk√° hora?
qawiki	M√° vlajka Chorvatska vodorovn√Ωmi pruhy v panslavistick√Ωch barv√°ch?
qawiki	Kdy zem≈ôel Niels Henrik David Bohr?
qawiki	Kolik m≈Ø≈æe v√°≈æit vejce albatrosa?
qawiki	Kdo vyrobil prvn√≠ kostkov√Ω cukr?
qawiki	Ve kter√©m mƒõstƒõ m√° UNICEF s√≠dlo?
qawiki	Jak se lidovƒõ ≈ô√≠k√° kostn√≠ d≈ôeni?
qawiki	Kdo napsal knihu The Worm Ouroboros z roku 1922?
qawiki	Co obsahuje kni≈æn√≠ s√©rie psan√° Terrym Pratchettem?
qawiki	Kter√© nakladatelstv√≠ vydalo rom√°n Lord Mord v roce 2008?
qawiki	Kdo re≈æ√≠roval film ≈†tƒõst√≠?
qawiki	Kde le≈æ√≠ Republika Dagest√°n?
qawiki	Jak√© je vlastn√© jm√©no Bruna Marse?
qawiki	Kdy byla zalo≈æena Pape≈æsk√° akademie pro ≈æivot
qawiki	Jak√° byla p≈ô√≠ƒçina smrti skladatele Karla Svobody?
qawiki	Jak se jmenoval britsk√Ω matematik  , logik  , kryptoanalytik a zakladatel modern√≠ informatiky  , kter√Ω zem≈ôel v roce 1954?
qawiki	Kdo napsal p≈ôedlohu k filmu Obsluhoval jsem anglick√©ho kr√°le?
qawiki	Do jak√©ho mo≈ôe √∫st√≠ ≈ôeka Cetina?
qawiki	Kolik dn√≠ m√° √∫nor v p≈ôestupn√©m roce?
qawiki	Kde se narodil Tom√°≈° Garrigue Masaryk?
qawiki	Jak zn√≠ ofici√°ln√≠ n√°zev Nƒõmecka?
qawiki	Jak se jmenuje nejvy≈°≈°√≠ poho≈ô√≠ ƒåeska?
qawiki	Kolik dƒõt√≠ mƒõl Dickens s Catherine Hogarthovou?
qawiki	Kter√° ≈ôeka je v Rusk√© federaci nejvƒõt≈°i?
qawiki	Kdy se narodil Heliodor P√≠ka?
qawiki	Zabezpeƒçuje n√°rodn√≠ leteck√° spoleƒçnost republiky Nauru lety do mƒõsta Brisbane?
qawiki	Jak√° je zkratka Organizace OSN pro vzdƒõl√°n√≠  , vƒõdu a kulturu?
qawiki	Kdy vydala Lana Del Rey prvn√≠ s√≥lovou desku?
qawiki	Zaƒçal Wolf Hoffman po rozpadu skupiny Accept pracovat jako profesion√°ln√≠ fotograf?
qawiki	Kdy bylo zvƒõt≈°eno hlavn√≠ho n√°dra≈æ√≠ v Praze?
qawiki	Jak se naz√Ωv√° zvl√°≈°tn√≠ org√°n u ryb  , kter√Ω jim umo≈æ≈àuje orientaci ve vodƒõ?
qawiki	Kolik cizinc≈Ø ≈æilo v Praze v roce 2011?
qawiki	Jakou zkratku m√° nejvy≈°≈°√≠ kontroln√≠ √∫≈ôad?
qawiki	Byl Pablo Ruiz Picasso hudebn√≠ skladatel?
qawiki	Kolik√°t√Ω mƒõs√≠c je podle gregori√°nsk√©ho kalend√°≈ôe leden?
qawiki	Jak se jmenuje zakl√°daj√≠c√≠ ƒçlen skupiny Ready Kirken?
qawiki	Jak√° je barva ploutv√≠ cejna sin√©ho?
qawiki	ƒå√≠m se zab√Ωv√° faleristika?
qawiki	Maj√≠ med≈Øzy ≈æahav√© ramena?
qawiki	Je mo≈ôe mal√° plocha vody?
qawiki	ƒå√≠m se zab√Ωv√° astrofyzika?
qawiki	Kde ≈æije polovina v≈°ech vƒõ≈ô√≠c√≠ch katol√≠k≈Ø?
qawiki	Kdy se Pak ƒåong-hui chopil moci?
qawiki	S√≠dl√≠ norsk√Ω parlament v Oslu?
qawiki	Jak√© je procento alkoholu ve vodce?
qawiki	Kde byla zalo≈æena Bioderma?
qawiki	Jak√° je barva tantalu?
qawiki	Jak se jmenuje v√°lka  , kter√° p≈ô√≠mo nebo nep≈ô√≠mo ovliv≈àuje cel√Ω svƒõt?
qawiki	Jak se jmenovala sestra Tom√°≈°e Bati?
qawiki	Jak√© oznaƒçen√≠ je pro pololet√≠ na vysok√Ωch ≈°kol√°ch?
qawiki	Kolik p√°r≈Ø slo≈æen√Ωch oƒç√≠ maj√≠ kor√Ω≈°i?
qawiki	Jak se jmenuje hlavn√≠ mƒõsto americk√©ho st√°tu Oregon?
qawiki	Existovalo v m√≠stech  , kde byla T≈ôeb√≠ƒç zalo≈æena  , star≈°√≠ os√≠dlen√≠?
qawiki	Proƒç z≈Østalo na Saturnu nejsp√≠≈°e p≈Øvodn√≠ slo≈æen√≠ atmosf√©ry  , kterou nabalil u≈æ bƒõhem vzniku z protoplanet√°rn√≠ho disku?
qawiki	Kdy byla zve≈ôejnƒõna prvn√≠ verze linuxov√©ho j√°dra?
qawiki	Kdo nechal postavit Zak√°zan√© mƒõsto?
qawiki	Je d≈Øvƒõra z√°kladem pro ekonomick√© vztahy a i komplexn√≠ syst√©m finanƒçn√≠ho kapitalismu a glob√°ln√≠ smƒõnu kapit√°lu?
qawiki	Jak se naz√Ωv√° skladba  , kterou napsala kapela Leather Charm?
qawiki	Kdy zem≈ôel Franz Kafka?
qawiki	Kolik let mƒõl Erben s Barborou Meƒç√≠≈ôovou zn√°most  , ne≈æ se vzali?
qawiki	Le≈æ√≠ franti≈°k√°nsk√Ω kl√°≈°ter Freising v Bavorsku?
qawiki	Jak√° znaƒçka se pou≈æ√≠v√° pro trinitrotoluen?
qawiki	Pat≈ô√≠ Evropa k hospod√°≈ôsky nejvyspƒõlej≈°√≠m oblastem planety?
qawiki	Kdy se narodil Fr√©d√©ric Mistral?
qawiki	Jak√© mno≈æstv√≠ lymfy se zhruba vytvo≈ô√≠ v lidsk√©m tƒõle bƒõhem jednoho dne?
qawiki	Jak√© nadmo≈ôsk√© v√Ω≈°ky dosahuje Lomnick√Ω ≈°t√≠t?
qawiki	Kde se narodila Monika ≈Ω√≠dkov√°?
qawiki	Kde p≈Øsobili starovƒõc√≠ l√©ka≈ôi Herophilos a Erasistrakos?
qawiki	Kdo je zn√°m pod pseudonymem Lady Gaga?
qawiki	Cvrlik√° s√Ωko≈ôice vousat√°?
qawiki	Oznaƒçuje polyptych d√≠la rozdƒõlen√° na v√≠ce ƒç√°st√≠?
qawiki	≈Ωiv√≠ se sk≈ôivan lesn√≠ tak√© ≈æivoƒçichy?
qawiki	Je morseova abeceda pou≈æ√≠v√°na v telegrafii?
qawiki	Jak√° je sedm√° nejvy≈°≈°√≠ hora Moravskoslezsk√Ωch Beskyd?
qawiki	Kdo je zakladatelem tradice souƒçasn√©ho l√©ka≈ôstv√≠?
qawiki	V jak√©m mƒõstƒõ zem≈ôel Albert Hofmann?
qawiki	Za jak dlouho obƒõhne Saturn okolo Slunce?
qawiki	Maj√≠ zpravidla ƒçlensk√© st√°ty pr√°vo vystoupit z federace?
qawiki	Kung Fu Panda je americk√Ω animovan√Ω film z roku 2008?
qawiki	Jak√Ω prvek tvor√≠ podstatnou ƒç√°st Saturnovy atmosf√©ry?
qawiki	Kter√©ho dne se slav√≠ podle ƒçesk√©ho kalend√°≈ôe sv√°tek ≈æensk√©ho jm√©na Lenka?
qawiki	Kdy zem≈ôel Don Bosco?
qawiki	Je Martin Bro≈æ od listopadu 2014 zastupitel mƒõsta P√≠sek?
qawiki	Jak√© projektily se vyr√°b√≠ z ochuzen√©ho uranu?
qawiki	Jak se jmenuje predposledn√≠ akt trojsk√© v√°lky s pou≈æit√≠m kone?
qawiki	M≈Ø≈æou se v jeskyn√≠ch vyskytovat mechy?
qawiki	Jak se jmenuje nejvƒõt≈°√≠ ≈ôeka Severn√≠ Ameriky?
qawiki	Jakou chemickou znaƒçku m√° v√°pn√≠k?
qawiki	V kter√©m roce bylo zalo≈æeno studio Ghibli?
qawiki	V jak√©m roce zaƒçala syrsk√° obƒçansk√° v√°lka?
qawiki	Co je u plyn≈Ø mnohem vƒõt≈°√≠ nez potenci√°ln√≠ energie?
qawiki	Ve kter√©m roce byla v ƒçe≈°tinƒõ vydan√° kniha Laskav√© bohynƒõ?
qawiki	Jak se naz√Ωv√° obor zab√Ωvaj√≠c√≠ se mƒõ≈ôen√≠m teploty?
qawiki	Kdo navrhl rekonstruovanou budovu hlavn√≠ho n√°dra≈æ√≠ v Praze?
qawiki	Jak√© jsou nejvƒõt≈°√≠ svaly na ptaƒç√≠m tƒõle?
qawiki	Kolik obyvatel ƒåeska se p≈ôi posledn√≠m sƒç√≠t√°n√≠ lidu p≈ôihl√°silo k moravsk√© n√°rodnosti?
qawiki	Jakou zkratku m√° akciov√° spoleƒçnost provozuj√≠c√≠ √∫zkokolejn√© tratƒõ z Jind≈ôichova Hradce do Nov√© Byst≈ôice a Obratanƒõ  .
qawiki	Kolem jak√© zahrady je uspo≈ô√°d√°n Petit Palais?
qawiki	Kde se narodil Mil√°n Rastislav ≈†tef√°nik?
qawiki	Kdy zavedla slovensk√° vl√°da nov√Ω syst√©m rozdƒõlen√≠ kraj≈Ø a okres≈Ø?
qawiki	Jak se jmenuje nejvy≈°≈°√≠ hora svƒõta?
qawiki	Je Avarua hlavn√≠m mƒõstem Cookov√Ωch ostrov≈Ø?
qawiki	Ve kter√©m okrese le≈æ√≠ mƒõsto T≈ôebo≈à?
qawiki	Kdy skonƒçila prvn√≠ b≈Ørsk√° v√°lka?
qawiki	V jak√©m roce zaƒçaly pr√°ce na chr√°mu Sagrada Familia?
qawiki	Kdy byla zavedena mezin√°rodn√≠ stupnice jadern√Ωch ud√°lost√≠?
qawiki	Jak√° je gramotnost obyvatel √çr√°nu (  v %  )?
qawiki	Jak se naz√Ωv√° technika nan√°≈°en√≠ barev na podklad?
qawiki	Co tvo≈ô√≠ potravu V√Ωra velk√©ho?
qawiki	Proƒç je prostituce bez pou≈æit√≠ prost≈ôedk≈Ø pro bezpeƒçn√Ω sex ƒçasto spojov√°na s roz≈°√≠≈ôen√≠m sexu√°lnƒõ p≈ôenosn√Ωch nemoc√≠?
qawiki	Jak√° ocel m√° zv√Ω≈°enou odolnost v≈Øƒçi korozi?
qawiki	Jak se jmenuje elektroda  , na kter√© prob√≠h√° redukce?
qawiki	Kdo se od roku 1355 pod√≠lel na politick√©m chodu ƒçesk√©ho kr√°lovstv√≠?
qawiki	Jak√© je nejv√Ωznamnƒõj≈°√≠ muzeum v Brnƒõ?
qawiki	Kdy se narodil Napoleon?
qawiki	Jak se naz√Ωv√° m√≠sto vzniku zemƒõt≈ôesen√≠?
qawiki	Oznaƒçuj√≠ term√≠ny prostoroƒças a ƒçasoprostor tot√©≈æ?
qawiki	Kdo zavedl pojem atomos jako oznaƒçen√≠ nedƒõliteln√Ωch ƒç√°stic?
qawiki	Kter√° hereƒçka z√≠skala nominaci na Oscara i Zlat√Ω gl√≥bus za roli Elizabeth Bennetov√© v adaptaci novely Jane Austenov√© P√Ωcha a p≈ôedsudek z roku 2005?
qawiki	St√°v√° se ƒçasto oxid si≈ôiƒçit√Ω po erupci sopky aerosolem?
qawiki	Kdy vstoupily do v√°lky Spojen√© st√°ty americk√©?
qawiki	ƒå√≠m b√Ωvaj√≠ zv√Ωraz≈àov√°ny p≈ô√≠ƒçn√© prahy?
qawiki	Co je to detoxikace?
qawiki	Je hungarosaurus rod ptakop√°nv√©ho obrnƒõn√©ho dinosaura?
qawiki	Kolik√°t√Ωm prezidentem Spojen√Ωch st√°t≈Ø americk√Ωch byl Ronald W. Reagan?
qawiki	Jak√© je rodn√© jm√©no Miley Ray Cyrus?
qawiki	Jak se jmenuje film  , ve kter√©m se poprv√© objevil Old≈ôich Nov√Ω?
qawiki	Je fin≈°tina ve Finsku rovnopr√°vn√° se ≈°ved≈°tinou?
qawiki	Jak√Ω reli√©f m√° Evropa?
qawiki	Jakou rozlohu m√° M√°chovo jezero?
qawiki	Kdy byl uveden Google Talk?
qawiki	Z jak√©ho roku je Harry Potter a vƒõze≈à z Azkabanu?
qawiki	Jakou znaƒçku m√° gram?
qawiki	Kdy zem≈ôel Wilhelm Conrad R√∂ntgen?
qawiki	Mezi jak√Ωmi st√°ty prob√≠hala stolet√° v√°lka?
qawiki	Co je echolace?
qawiki	Jak se v geometrii oznaƒçuje ortogonalita?
qawiki	Jak√° je nejhlub≈°√≠ zatopen√° jeskynƒõ na svƒõtƒõ?
qawiki	Kde se narodil Walter Houser Brattain?
qawiki	Oznaƒçuje kl√≠nov√© p√≠smo konkr√©tn√≠ sadu znak≈Ø?
qawiki	Jak√© je n√°bo≈æensk√© vyzn√°n√≠ Newtona?
qawiki	Kdy vznikl rom√°n Sophiina volba?
qawiki	Kter√° hvƒõzda na noƒçn√≠ obloze je nejjasnƒõj≈°√≠?
qawiki	Kdo je autorem knihy Smrt kr√°sn√Ωch srnc≈Ø?
qawiki	Jak√Ω jazyk je √∫≈ôedn√≠m jazykem Francie?
qawiki	Jak se oznaƒçuje ≈æivoƒçi≈°n√Ω druh  , kter√Ω se ≈æiv√≠ mrtv√Ωmi ≈æivoƒçichy?
qawiki	Kdo vytvo≈ôil index tƒõlesn√© hmotnosti?
qawiki	Kdy byl natoƒçen film sest≈ôiƒçky?
qawiki	Kdy se narodil Ronald Reagan?
qawiki	Jak√© barvy jsou rostliny ve kter√Ωch prob√≠ha fotosynt√©za?
qawiki	Z ƒçeho se vyvinul death metal?
qawiki	Z jak√©ho jazyka poch√°z√≠ zkratka mRNA?
qawiki	Kdo vypracoval prvn√≠ n√°vrh na v√Ωstavbu pra≈æsk√©ho metra?
qawiki	CO je Anthelmintikum?
qawiki	Jak se naz√Ωv√° fyzik√°ln√≠ veliƒçina  , kter√° ud√°v√° poƒçet opakov√°n√≠ periodick√©ho dƒõje za dan√Ω ƒçasov√Ω √∫sek  .
qawiki	Kdo byl ƒçtvrt√Ωm prezidentem Slovensk√© republiky?
qawiki	Kdo je autor knihy Eragon?
qawiki	Byl Samuel Hearne britsk√Ω skladatel?
qawiki	Naz√Ωv√° se botulotoxin tak√© jinak klob√°sov√Ω jed?
qawiki	Na jak√©m svƒõtad√≠le le≈æ√≠ K  2?
qawiki	Co je opakem zenitu?
qawiki	Maj√≠ mechorosty vytvo≈ôen√° prav√° vodiv√° pletiva?
qawiki	Kdy byla spu≈°tƒõna ƒçesk√° verze Wikipedie?
qawiki	Kdo byl palubn√≠m in≈æen√Ωrem kosmick√© lodi Sojuz 15?
qawiki	Poch√°z√≠ stonehenge z doby bronzov√©?
qawiki	Jak√© ƒç√≠slo je 453?
qawiki	V jak√©m mƒõstƒõ se narodil Karel Hynek M√°cha?
qawiki	Pou≈æ√≠vaj√≠ se kvasinky p≈ôi v√Ωrobƒõ piva  , v√≠na nebo chleba?
qawiki	Pod jakou zkratkou je zn√°ma Mezin√°rodn√≠ vesm√≠rn√° stanice?
qawiki	Jak vznik√° b√≠l√Ω trpasl√≠k?
qawiki	Je Friderik Pregl jedin√Ωm slovinsk√Ωm nositelem Nobelovy ceny?
qawiki	Je DNA zkratka pro deoxyribonukleovou kyselinu?
qawiki	Jak vysok√° je velk√° Javo≈ôina?
qawiki	Co je hmotn√Ω objekt  , kter√©ho gravitaƒçn√≠ pole je natolik siln√©  , ≈æe ≈æ√°dn√Ω objekt ho nem≈Ø≈æe opustit?
qawiki	Je Kuba ƒçlenem OSN?
qawiki	Od kdy se po≈ô√°d√° dostih Prix d  '  Am√©rique?
qawiki	V jak√©m roce vy≈°lo album Ritual?
qawiki	Co tvo≈ô√≠ poƒç√°tek tr√°vic√≠ soustavy vƒõt≈°iny ≈æivoƒçich≈Ø?
qawiki	M√° kobylka s√°ga k≈ô√≠dla?
qawiki	Byl mor skotu ofici√°lnƒõ vym√Ωcen?
qawiki	ƒålen√≠ se Bolsk√° provincie na 12 distrikt≈Ø?
qawiki	Jak√Ω byl liter√°rn√≠ pseudonym Vladim√≠ra Va≈°ka?
qawiki	Ve kter√©m roce vy≈°el rom√°n Jan Kry≈°tof?
qawiki	Kdy byl predstaven iPhone?
qawiki	Jak se jmenoval otec Karla Jarom√≠ra Erbena?
qawiki	Ve kter√©m roce byl vyd√°n rom√°n Utrpen√≠ kn√≠≈æete Sternenhocha?
qawiki	Pod spr√°vu kter√©ho st√°tu pat≈ô√≠ ostrov Korsika?
qawiki	Vyskytuje se bƒõlo≈ôit ≈°ed√Ω v ƒåR?
qawiki	Kde se nach√°z√≠ nejv√≠ce evidovan√Ωch supervulk√°n≈Ø?
qawiki	Ve kter√©m stolet√≠ se narodil svat√Ω Jo≈°t?
qawiki	Jakou rozlohu m√° chr√°nƒõn√© √∫zem√≠ Riversleigh (  v km2  )?
qawiki	Kdo vedl skupinu Wicked Lester?
qawiki	Jak√Ω je hlavn√≠ b≈Øh seversk√©ho panteonu?
qawiki	Kde dozr√°vaj√≠ spermie?
qawiki	Jakou ofici√°ln√≠ zkratkou oznaƒçujeme Mezin√°rodn√≠ organizaci pr√°ce?
qawiki	Kde napsal Stendhal autobiografick√© d√≠lo ≈Ωivot Henri Brularda?
qawiki	Kter√Ω oblak je p≈ô√≠ƒçinou bou≈ôek?
qawiki	Zaj√≠mal se Orff o botaniku?
qawiki	Kdy konƒç√≠ antika?
qawiki	Molekuly kter√Ωch slouƒçenin obsahuj√≠ v≈ædy jeden nebo v√≠ce atom≈Ø uhl√≠ku?
qawiki	Kdo M√°ji p≈ôinesl negativn√≠ kritiku?
qawiki	Kdy ode≈°el P≈ôeclav na studia na univerzitƒõ v Bologni?
qawiki	ƒå√≠ stƒõ≈æejn√≠ d√≠lo je Kytice  , p≈Øvodnƒõ vydan√° pod n√°zvem Kytice z povƒõst√≠ n√°rodn√≠ch?
qawiki	Jak se jmenuje star≈°√≠ verze operaƒçn√≠ho syst√©mu EPOC?
qawiki	Jak se jmenuje politick√Ω re≈æim  , kter√Ω vede ƒå√≠nskou lidovou republiku?
qawiki	Jakou minioperou je miniopera Sta≈æen√° hrdla?
qawiki	Kolik stran a vrchol≈Ø m√° ƒçty≈ô√∫heln√≠k?
qawiki	Je na Slovensku oddƒõlena c√≠rkev od st√°tu?
qawiki	Jak√Ω je sum√°rn√≠ vzorec kyseliny s√≠rov√©?
qawiki	Kdo napsal knihu Devades√°tka pokraƒçuje?
qawiki	Kdy vznikl hudebn√≠ ≈æ√°nr zvan√Ω Drum  '  n  '  Bass?
qawiki	Jakou barvu m√° p≈Ølmƒõs√≠c na tureck√© vlajce?
qawiki	Kdo zavedl reformu o n√°bo≈æensk√© toleranci a zru≈°en√≠ nevolnictv√≠?
qawiki	Jak√Ω je chemick√Ω vzorec pro s≈Øl?
qawiki	Kter√© mƒõsto je druh√© nejvƒõt≈°√≠ v USA?
qawiki	Kdo z americk√Ωch prezident≈Ø byl prvn√≠m prezidentem  , jeho≈æ otec byl tak√© prezident?
qawiki	Co Rolland vystudoval?
qawiki	Kdy se uskuteƒçnil 98  . roƒçn√≠k cyklistick√©ho z√°vodu Mil√°n - San Remo?
qawiki	Kdo je Svƒõtlana Laviƒçkov√°?
qawiki	Jak√Ω term√≠n se tradiƒçnƒõ pou≈æ√≠v√° k oznaƒçen√≠ zem√≠ Bl√≠zk√©ho  , St≈ôedn√≠ho a D√°ln√©ho v√Ωchodu?
qawiki	Jakou barvou ho≈ô√≠ bor?
qawiki	Jak√Ω byl hlavn√≠ d≈Øvod zaƒç√°tku v√Ωroby klob√°s?
qawiki	Kdy m√° sv√°tek Vojtƒõch?
qawiki	Z jak√© zemƒõ poch√°z√≠ rockov√° skupina The 69 Eyes?
qawiki	Jak se naz√Ωv√° vƒõdn√≠ discipl√≠na  , kter√° se zab√Ωv√° studiem ≈æivoƒçi≈°n√Ωch tk√°n√≠?
qawiki	Jak se jmenuje dopravn√≠ stavba slou≈æ√≠c√≠ k p≈ôev√°dƒõn√≠ dopravn√≠ cesty p≈ôes vodn√≠ tok?
qawiki	Kdo je autorem teorie vzniku a v√Ωvoje kor√°lov√Ωch ostrov≈Ø?
qawiki	Tvar jak√©ho p√≠smene m√° metacentrick√Ω chromozom po replikaci DNA?
qawiki	Bytost√≠ z jak√© mytologie je elf?
qawiki	Kdy se narodil Vlastimil Harapes  , ƒçesk√Ω herec  , taneƒçn√≠k  , re≈æis√©r  , taneƒçn√≠ mistr  , choreograf a taneƒçn√≠ pedagog?
qawiki	Jak√Ω typ pr√°va vyu≈æ√≠v√° americk√Ω st√°t Louisiana?
qawiki	V kter√© krajine vznikl tanec Polka?
qawiki	Se kter√Ωm st√°tem m√°me nejkrat≈°√≠ hranice?
qawiki	Nach√°z√≠ se Sluneƒçn√Ω vr≈°ek severnƒõ od s√≠dli≈°tƒõ Ko≈°√≠k?
qawiki	Psal Vincenc Brandl i nƒõmeck√© b√°snƒõ?
qawiki	Jak√© je hlavn√≠ mƒõsto Chorvatska?
qawiki	Jak se naz√Ωv√° spodn√≠ konƒçetina ƒçlovƒõka?
qawiki	Zem≈ôel Hugo Haas v roce 1968?
qawiki	Co je specifick√° forma ledu?
qawiki	Jakou konzistenci m√° Camembert?
qawiki	V jak√©m mƒõste le≈æ√≠ Bojnick√Ω z√°mek?
qawiki	Kdo je pova≈æov√°n za otce modern√≠ lingvistiky?
qawiki	Kdo zalo≈æil spoleƒçnost Milka?
qawiki	Kolik obyvatel m√° mƒõsto Al≈æ√≠r?
qawiki	Jakou barvu m√° zlato?
qawiki	Je kyselina kaprinov√° karboxylov√° kyselina?
qawiki	Kde vznikla americk√° rockov√° skupina Kiss?
qawiki	Kde m√° s√≠dlo firma Boeing?
qawiki	Jak√° je teplota na povrchu Slunce?
qawiki	Kdy zem≈ôel Edward Mills Purcell?
qawiki	Kdy zem≈ôel Johann Sebastian Bach?
qawiki	Jak√° je zkratka pro titul doktora pr√°v?
qawiki	Jak√©ho p≈Øvodu je benitoit?
qawiki	Jak se naz√Ωv√° p≈ôehnan√° l√°ska k sobƒõ sam√©mu?
qawiki	Kdo byl otec Gisely Francouzsk√©?
qawiki	Kdy byla dojedn√°na Mnichovska dohoda?
qawiki	Kdy se konala bitva na B√≠l√© ho≈ôe?
qawiki	Na jak√© budovƒõ je um√≠stƒõn Staromƒõstsk√Ω orloj v Praze?
qawiki	Jak se jmenovala loƒè  , na kterou byl 20  . √∫nora 1944 sp√°ch√°n atent√°t?
qawiki	Fran√ßois Rabelais je autorem jak√©ho rom√°nu?
qawiki	Jak dlouho existuje v Evropƒõ systematick√Ω chov koƒçek?
qawiki	Kolik dn√≠ m√° p≈ôestupn√Ω rok?
qawiki	Je muchom≈Ørka r≈Ø≈æovka jedovat√°?
qawiki	Kdo velel Rud√© arm√°dƒõ bƒõhem osvobozov√°n√≠ Brna?
chch	Buƒè ticho
chch	Buƒè u≈æ zticha
chch	Buƒè sticha
chch	Dr≈æ hubu
chch	Dr≈æ u≈æ koneƒçnƒõ hubu
chch	Jdi pryƒç
chch	Je ƒças sklapnout
chch	Je ƒças, na to abys ztichnul
chch	Je mi ≈°patnƒõ z toho jak tƒõ poslouch√°m
chch	Je na ƒçase abys dr≈æel hubu
chch	Je na ƒçase abys ztichnul
chch	Je na ƒçase, abys byl zticha
chch	Jen dr≈æ hubu, dob≈ôe?
chch	Konƒç√≠m s t√≠m abych tƒõ poslouchal
chch	Mlƒçeti zlato
chch	M≈Ø≈æe≈° b√Ωt zticha?
chch	M≈Ø≈æe≈° p≈ôestat mluvit
chch	Nechci nic v√≠c sly≈°et
chch	Nemluv
chch	Odejdi u≈æ pros√≠m
chch	Psst
chch	P≈°≈°t
chch	Sklapni
chch	Ticho!
chch	To staƒç√≠
chch	U≈æ ani slovo
chch	U≈æ nic ne≈ô√≠kej!
chch	U≈æ ≈æ√°dn√© mluven√≠
chch	Zav≈ôi tu klapaƒçku
chch	Ztichni pros√≠m
chch	ƒåau
chch	D√°me si vƒõdƒõt
chch	Jdu
chch	Mƒõj se
chch	Mƒõl bych j√≠t
chch	M√≠r s tebou
chch	Mus√≠m bƒõ≈æet
chch	Mus√≠m j√≠t
chch	Mus√≠m mizet
chch	Mus√≠m u≈æ j√≠t
chch	Nashle
chch	Nashledanou
chch	Odhl√°s√≠m se
chch	Odhla≈°uji se
chch	Ozvu se z√≠tra
chch	pa pa
chch	pac a pusu
chch	P√°d√≠m
chch	Pokec√°me pozdƒõji
chch	P≈Øjdu
chch	Radƒõji p≈Øjdu
chch	Rychle miz√≠m
chch	Sbohem
chch	Uvid√≠me se pozdƒõji
chch	A co p≈ôesnƒõ dƒõl√°≈°?
chch	Co dok√°≈æe≈°?
chch	Co mi m≈Ø≈æe≈° uk√°zat?
chch	Co m≈Ø≈æe≈° dƒõlat?
chch	Co p≈ôesnƒõ dƒõl√°≈°?
chch	Co um√≠≈°?
chch	Dƒõl√°≈° nƒõco?
chch	Dƒõl√°te nƒõco?
chch	Jak mi m≈Ø≈æe≈° pomoci?
chch	Jak pracuje≈°?
chch	Jak√° je tvoje funkce?
chch	Jak√© jsou tvoje funkce
chch	Jak√© m√°≈° dovednosti?
chch	Jak√© m√°≈° funkce
chch	Jak√© m√°≈° jako bot schopnosti?
chch	Jak√© m√°te dovednosti?
chch	jak√© odpovƒõdi mi m≈Ø≈æe≈° d√°t?
chch	M≈Ø≈æe≈° mi pomoci?
chch	M≈Ø≈æete mi pomoci?
chch	na co m√°≈° odpovƒõdi?
chch	≈òeknƒõte mi, co dƒõl√°te
chch	≈òekni co v≈°e v≈°echno um√≠≈°
chch	S ƒç√≠m mi m≈Ø≈æe≈° pomoct?
chch	Co m√°≈° za lubem?
chch	Existuje≈°?
chch	Chci vƒõdƒõt, jestli jsi ƒçlovƒõk
chch	Jsi ƒçlovƒõk nebo robot?
chch	Jsi ƒçlovƒõk?
chch	Jsi chatbot?
chch	Jsi poƒç√≠taƒç?
chch	Jsi robot nebo jsi ƒçlovƒõk?
chch	Jsi robot?
chch	Jsi skuteƒçn√Ω nebo robot?
chch	Jsi stroj?
chch	Jste bot nebo ƒçlovƒõk?
chch	Kdo se mnou mluv√≠?
chch	Mluv√≠m s botem?
chch	Mluv√≠m s ƒçlovƒõkem?
chch	Mluv√≠m s robotem nebo ƒçlovƒõkem?
chch	Mluv√≠m s robotem?
chch	Mus√≠≈° b√Ωt robot
chch	Mysl√≠m, ≈æe jsi ƒçlovƒõk
chch	Mysl√≠m, ≈æe jsi umƒõl√Ω
chch	Mysl√≠m, ≈æe nejsi bot
chch	Mysl√≠m, ≈æe nejsi ƒçlovƒõk
chch	Nejsi poƒç√≠taƒç, ≈æe?
chch	Nejsi stroj, ≈æe?
chch	Nejsi umƒõl√Ω, ≈æe?
chch	Opravdu existuje≈°?
chch	P≈ôedpokl√°d√°m, ≈æe jsi robot
chch	V√≠≈°, ≈æe nejsi skuteƒçn√Ω?
chch	Zaj√≠malo by mƒõ, jestli jsi bot
chch	Zaj√≠malo by mƒõ, jestli jsi robot
chch	Zaj√≠malo by mƒõ, jestli jsi skuteƒçn√Ω
chch	Co bych mƒõl dƒõlat dneska odpoledne?
chch	Co bych mƒõl dƒõlat dneska r√°no?
chch	Co bych mƒõl j√≠st k obƒõdu?
chch	Co bych mƒõl potom udƒõlat?
chch	Co bych mƒõl ≈ô√≠ct?
chch	Co bych mƒõl udƒõlat?
chch	Co bych mƒõl zkusit?
chch	Co bych si mƒõl d√°t k obƒõdu?
chch	Co bys dƒõlal, kdybys byl na m√©m m√≠stƒõ?
chch	Co jin√©ho bych mƒõl vyzkou≈°et?
chch	Co m√°m dƒõlat d√°l?
chch	Co m√°m dƒõlat?
chch	Co mohu ≈ô√≠ct?
chch	Co m≈Ø≈æu dƒõlat?
chch	Co si mysl√≠≈°, ≈æe bych mƒõl udƒõlat?
chch	Jakou hru bych mƒõl hr√°t?
chch	Jakou p√≠sniƒçku bych si mƒõl poslechnout?
chch	Jak√Ωm smƒõrem by ses vydal, kdybys byl na m√©m m√≠stƒõ?
chch	Kam m√°m jet na dovolenou?
chch	Kam m√°m j√≠t d√°l?
chch	Kam m√°m j√≠t na v√Ωlet?
chch	M√°m cviƒçit?
chch	M√°m jezdit na kole?
chch	Co nech√°pe≈°?
chch	Co teƒè?
chch	Co t√≠m mysl√≠≈°?
chch	Co to bylo?
chch	Co to m√° znamenat?
chch	Co to znamen√°?
chch	Co?
chch	Co≈æe?
chch	Chce≈° mi ≈ô√≠ct v√≠c?
chch	Chce≈° to vysvƒõtlit?
chch	Jak to mysl√≠≈°?
chch	Mohl bys to rozv√©st?
chch	M≈Ø≈æe≈° mi to vysvƒõtlit?
chch	M≈Ø≈æe≈° to objasnit?
chch	M≈Ø≈æe≈° to vysvƒõtlit?
chch	M≈Ø≈æe≈° to zopakovat?
chch	M≈Ø≈æete to ≈ô√≠ct jinak?
chch	Nechce≈° mi ≈ô√≠ct v√≠c?
chch	Nechce≈° to objasnit?
chch	Nechce≈° to v√≠c vysvƒõtlit?
chch	O ƒçem to mluv√≠≈°?
chch	Proƒç si to mysl√≠≈°?
chch	Proƒç to ≈ô√≠k√°≈°?
chch	Proƒç?
chch	Vysvƒõtl√≠≈° mi to?
chch	Vysvƒõtl√≠te mi to?
chch	WTF
chch	Dƒõkuji
chch	Dƒõkuji bote
chch	Dƒõkuji moc
chch	Dƒõkuji pƒõknƒõ
chch	Dƒõkuji v√°m
chch	Dƒõkuji za to
chch	D√≠k
chch	D√≠ky
chch	D√≠ky bote
chch	D√≠ky moc
chch	Dob≈ôe d√≠ky
chch	Ch√°pu Dƒõkuji ti
chch	Ch√°pu, d√≠ky
chch	Jak laskav√©, dƒõkuji
chch	Jsem vdƒõƒçn√Ω, d√≠ky
chch	Jsem za to vdƒõƒçn√Ω, dƒõkuji
chch	Jsem za to velmi vdƒõƒçn√Ω
chch	Mnohokr√°t dƒõkuji
chch	Moje up≈ô√≠mn√© d√≠ky
chch	Perfektn√≠, d√≠ky
chch	Skvƒõl√©, dƒõkuji!
chch	Skvƒõl√©, d√≠ky
chch	Skvƒõl√©, moc dƒõkuji
chch	Skvƒõl√Ω dƒõkuji
chch	Spr√°vnƒõ, d√≠ky moc
chch	√ö≈æasn√Ω, d√≠ky
chch	V√°≈æ√≠m si toho
chch	V√°≈æ√≠m si v√°s
chch	Velk√© podƒõkov√°n√≠
chch	√Å to jsi ty
chch	Ahoj
chch	ahoj bote
chch	Ahoj kamar√°de
chch	Ahoj ty tam
chch	Ahojky
chch	Ahojky dobr√© r√°no
chch	Bote jsem tady
chch	ƒåau bote
chch	ƒåauky!
chch	ƒåauves
chch	ƒåus
chch	D√°v√° ti to smysl
chch	Dobr√© jitro
chch	Dobr√© ranko
chch	Dobr√Ω den
chch	Dorazil jsem
chch	Funguje≈°?
chch	Hej ty tam
chch	Ch√°pe≈° mƒõ?
chch	Jsem zp√°tky
chch	Nazdar
chch	Nazd√°rek
chch	Pozdravy
chch	Pracuje≈°?
chch	Probuƒè se
chch	P≈ôeji ti dobr√© r√°no
chch	R√°no bote
chch	Rozum√≠≈° mi?
chch	Test
chch	Testov√°n√≠
chch	≈•uk ≈•uk je tam nƒõkdo
chch	Ty vole
chch	Vst√°vat
chch	Vst√°vej!
chch	V≈°echno jasn√©?
chch	Zdrav√≠m
chch	Zdrav√≠m bote
chch	Bude≈° se mnou mluvit?
chch	Bude≈° si se mnou ps√°t?
chch	Existuje nƒõkdo, kdo si se mnou promluv√≠?
chch	Chatuj se mnou
chch	Chce≈° se mnou mluvit?
chch	Je mi nƒõkdo k dispozici?
chch	Je nƒõkdo doma?
chch	Je nƒõkdo doma?
chch	Je nƒõkdo na chatu?
chch	Je nƒõkdo voln√Ω?
chch	Je tam nƒõkdo?
chch	Je tu nƒõkdo?
chch	Je tu pro mƒõ nƒõkdo?
chch	Jsi tady?
chch	Jsi tam?
chch	M√°≈° volno?
chch	Mluv se mnou
chch	M≈Ø≈æeme si  promluvit?
chch	M≈Ø≈æu si s nƒõk√Ωm promluvit?
chch	Pojƒème si pov√≠dat
chch	Poslouch√° nƒõkdo?
chch	Poslouch√°≈° mƒõ?
chch	≈òekni cokoli
chch	≈•uk ≈•uk
chch	Um√≠≈° mluvit?
chch	ƒå√≠ jste program?
chch	Jak jsi byl postaven?
chch	Jak jsi vzniknul?
chch	Jak√° spoleƒçnost tƒõ vyrobila?
chch	Kdo je tv≈Øj architekt?
chch	Kdo je tv≈Øj n√°vrh√°≈ô?
chch	Kdo je tv≈Øj tv≈Ørce?
chch	Kdo je tv≈Øj v√Ωrobce?
chch	Kdo p√≠≈°e va≈°e odpovƒõdi?
chch	Kdo pro tebe p√≠≈°e?
chch	Kdo tƒõ udƒõlal?
chch	Kdo tƒõ vytvo≈ôil?
chch	Kdo v√°s k√≥doval?
chch	Kter√° spoleƒçnost tƒõ postavila?
chch	Kter√° spoleƒçnost tƒõ vyrobila?
chch	Kte≈ô√≠ lid√© tƒõ udƒõlali?
chch	M√°≈° v√Ωrobce?
chch	Stvo≈ôil tƒõ nƒõkdo?
chch	Udƒõlal tƒõ nƒõkdo?
chch	Vyvinul tƒõ nƒõkdo?
chch	C√≠t√≠≈° se dob≈ôe?
chch	C√≠t√≠te se dob≈ôe?
chch	Hej, jak se m√°≈°?
chch	Jak je?
chch	Jak jsi to dneska vidƒõl?
chch	Jak jsi vƒçera spal?
chch	Jak se c√≠t√≠≈°?
chch	Jak se da≈ô√≠
chch	Jak se da≈ô√≠?
chch	Jak se dneska m√°≈°?
chch	Jak se m√°≈° bote?
chch	Jak se m√°≈°?
chch	Jak si ≈æije≈°?
chch	Jak to dneska ≈°lo?
chch	Jak to jde?
chch	M√°≈° se dob≈ôe?
chch	≈òekni, jak se m√°≈°?
chch	≈†lo to dneska?
chch	Vede se ti dob≈ôe?
chch	V≈°echno dneska v po≈ô√°dku?
chch	Absurdn√≠ jako obvykle
chch	Alexa je lep≈°√≠
chch	Asistent Google je lep≈°√≠
chch	Bezcenn√Ω jako obvykle
chch	Blbosti
chch	Dƒõl√°≈° si srandu?
chch	Hlup√°ku
chch	Hrozn√© jako obvykle
chch	Idiotick√© jako obvykle
chch	Jsi bez tak k niƒçemu
chch	Jsi bl√°zen
chch	Jsi debil?
chch	Jsi docela hrozn√Ω
chch	Jsi hlup√°k
chch	Jsi hrozn√Ω
chch	Jsi k  sm√≠chu
chch	Jsi k niƒçemu
chch	Jsi nepou≈æiteln√Ω
chch	Jsi pitom√Ω?
chch	Jsi tak hloup√Ω
chch	Jsi trapn√Ω
chch	Jsi tupec
chch	Jste bl√°zen
chch	Proƒç jsi tak hloup√Ω
chch	≈ò√≠k√°≈° absolutn√≠ kraviny
chch	Ty hlup√°ku
chch	Ty nic nev√≠≈°
chch	Ty pitomƒçe
chch	Uboh√Ω
chch	≈Ωertuje≈° se mnou?
chch	Jak√° je tvoje pozice?
chch	Jsi bl√≠zko mƒõ?
chch	Jsi bl√≠zko?
chch	Jsi daleko?
chch	Jsi m√≠stn√≠?
chch	Jsi nƒõkde fyzicky um√≠stƒõn√Ω?
chch	Jsi pobl√≠≈æ?
chch	Jsi v call centru?
chch	Jsi v cloudu?
chch	Jste v call centru?
chch	Kde je tv≈Øj d≈Øm?
chch	Kde jsi?
chch	Kde se nach√°z√≠≈°?
chch	Kde se pohybuje≈°?
chch	Kde tƒõ m≈Ø≈æu naj√≠t?
chch	M√°te domov?
chch	Zept√°≈° se na nƒõco
chch	Zept√°te se na nƒõco  o mnƒõ
chch	Zeptej se mƒõ
chch	Zeptej se mƒõ na nƒõco
chch	≈Ωije≈° nƒõkde?
chch	≈Ωije≈° v cloudu?
chch	≈Ωije≈° v poƒç√≠taƒçi?
chch	≈Ωijete v serveru?
chch	Co o mnƒõ v√≠≈°?
chch	Co o mnƒõ v√≠≈°?
chch	Co si o mƒõ mysl√≠≈°?
chch	Jak mi ≈ô√≠kaj√≠?
chch	Jak se jmenuji?
chch	Jak√© informace o mnƒõ m√°≈°?
chch	Jak√© informace o mnƒõ m√°te?
chch	Kdo jsem?
chch	Kdo si mysl√≠≈°, ≈æe jsem?
chch	Kdo si mysl√≠te, ≈æe jsem?
chch	Kdy jsem se narodil?
chch	Nepamatujete si mƒõ?
chch	Nepamatujete si mƒõ?
chch	Nev√≠≈°, kdo jsem
chch	Nev√≠te, kdo jsem
chch	Nezn√°≈° mƒõ?
chch	V√≠≈° jak se jmenuju?
chch	V√≠≈° kdo jsem?
chch	V√≠≈° o mƒõ nƒõco?
chch	V√≠≈° o mnƒõ?
chch	V√≠≈° v≈Øbec, kdo jsem?
chch	V√≠te, kdo jsem?
chch	Zn√°≈° mƒõ dob≈ôe?
chch	Zn√°≈° mƒõ?
chch	Zn√°≈° moje jm√©no?
chch	Zn√°≈° v≈Øbec moje jm√©no?
chch	Jak dlouho existuje≈°?
chch	Jak dlouho funguje≈°?
chch	Jak dlouho jsi v provozu?
chch	jak dlouho tu jsi?
chch	Jak jsi star√Ω?
chch	Jsi d√≠tƒõ?
chch	Jsi dospƒõl√Ω?
chch	Jsi dospƒõl√Ω?
chch	Jsi mlad√Ω?
chch	Jsi star≈°√≠ ne≈æ j√°?
chch	Jsi star√Ω?
chch	Jsi teenager?
chch	Jste dospƒõl√Ω?
chch	Kdy jsi se narodil?
chch	Kdy m√°≈° narozeniny?
chch	Kolik let u≈æ funguje≈°?
chch	Kolik ti je let?
chch	Kolik ti je?
chch	Kolik v√°m je?
chch	Od kdy jsi v provozu?
chch	Chtƒõl bych zn√°t tvoje jm√©no
chch	Jak bych tƒõ mƒõl oslovit?
chch	Jak bych ti mƒõl ≈ô√≠kat?
chch	Jak na tebe volaj√≠?
chch	jak se jmenuje≈°
chch	Jak se jmenuje≈°?
chch	Jak ti lid√© ≈ô√≠kaj√≠?
chch	Jak ti m≈Ø≈æu ≈ô√≠kat?
chch	Jak ti ≈ô√≠kaj√≠ p≈ô√°tel√©?
chch	Jak ti ≈ô√≠kaj√≠?
chch	Jak√© je va≈°e oznaƒçen√≠?
chch	Jak√© je va≈°e p≈ô√≠jmen√≠?
chch	Jak√© jm√©no bych mƒõl pro tebe pou≈æ√≠t?
chch	Kdo jsi?
chch	Kdo jsi?
chch	M√°≈° jm√©no?
chch	M√°≈° jm√©no?
chch	M√°≈° ofici√°ln√≠ jm√©no?
chch	Nezn√°m tvoje jm√©no
chch	P≈ôedstav se mi
chch	Tak kdo jsi?
chch	Tvoje jm√©no pros√≠m
chch	Co t√≠m mysl√≠≈°?
chch	Co≈æe?
chch	Jak to m√°m ch√°pat?
chch	Jsem fakt zmaten√°
chch	Jsem opravdu zmaten√°
chch	Jsem tak zmaten√°
chch	Jsem velmi zmaten√°
chch	Jsem ztracen√Ω
chch	Mate≈° mƒõ
chch	Matete mƒõ
chch	Ned√°v√° mi to smysl
chch	Nech√°pu to
chch	Nech√°pu, co t√≠m mysl√≠≈°
chch	Nech√°pu, o ƒçem to mluv√≠≈°
chch	Nechyt√°m se
chch	Nechyt√°m se
chch	Nerozum√≠m
chch	Nerozum√≠m tomu
chch	To ned√°v√° ≈æ√°dn√Ω smysl
chch	To ned√°valo smysl
chch	Vysvƒõtli mi to
chch	Vz√°jemnƒõ si nerozum√≠me
chch	Ztratil jsem se
chch	Bylo mi potƒõ≈°en√≠m
chch	Bylo mi potƒõ≈°en√≠m
chch	jj
chch	Jsem r√°d ≈æe mohu pomoci
chch	Kdykoli
chch	Nem√°≈° v≈Øbec zaƒç
chch	Nem√°≈° zaƒç
chch	Nen√≠ zaƒç
chch	Potƒõ≈°en√≠ na m√© stranƒõ
chch	R√°d jsem pomohl
chch	R√°do se stalo
chch	To nech b√Ωt
chch	To nen√≠ probl√©m
chch	To nestoj√≠ za ≈ôeƒç
chch	To nic nebylo
chch	To nic nen√≠
chch	V pohodƒõ
chch	V≈Øbec nen√≠ zaƒç
chch	≈Ω√°dn√Ω probl√©m
chch	Ach bo≈æe, omlouv√°m se
chch	Je mi to hroznƒõ l√≠to
chch	Je mi to l√≠to
chch	Je mi to opravdu l√≠to
chch	Je mi to tak l√≠to
chch	Je mi to tak l√≠to
chch	Jejda zvoral jsem to
chch	Jejda, moje chyba
chch	Jejda, omlouv√°m se
chch	Jen jsem chtƒõl ≈ô√≠ct ≈æe je mi to l√≠to
chch	Kecy promi≈à
chch	Moc se omlouv√°m
chch	Moje chyba
chch	Odpus≈• mi
chch	Oh, promi≈à
chch	Omlouv√°m se
chch	Omlouv√°m se
chch	Omlouv√°m se za
chch	Omlouv√°m se za to
chch	Omlouv√°m se za v≈°echno
chch	Promi≈à
chch	Promi≈à mi pros√≠m
chch	Promi≈à, pokazil jsem to
chch	Promi≈à, udƒõlal jsem chybu
chch	Promi≈à, zvoral jsem to
chch	Tak  jsem to nemyslel
chch	To byla moje chyba
chch	Up≈ô√≠mnƒõ se omlouv√°m
chch	Bav mƒõ
chch	Buƒè smƒõ≈°n√Ω
chch	Buƒè vtipn√Ω
chch	Co mi ≈ôekne≈° aby mƒõ to rozesm√°lo?
chch	Chci se po≈ô√°dnƒõ zasm√°t
chch	Jak bys mƒõ rozesm√°l?
chch	Je naƒçase, abys mƒõ rozesm√°l
chch	M≈Ø≈æe≈° b√Ωt vtipn√Ω
chch	M≈Ø≈æe≈° ≈ô√≠ct nƒõco vtipn√©ho?
chch	Neudƒõl√°≈° nƒõco vtipn√©ho?
chch	Neudƒõl√°≈° nƒõco z√°bavn√©ho?
chch	Pobav mƒõ
chch	Rozesmƒõj mƒõ
chch	≈òekni blbost
chch	≈òekni kravinu
chch	≈òekni mi nƒõco potrhl√©ho
chch	≈òekni mi nƒõco vtipn√©ho
chch	≈òekni nƒõco smƒõ≈°n√©ho
chch	≈òekni nƒõco vtipn√©ho
chch	≈òekni nƒõco vtipn√©ho
chch	Udƒõlej nƒõco legraƒçn√≠ho
chch	Zkus mƒõ rozesm√°t
chch	Chybn√° odpovƒõƒè
chch	Jsi blbej jak necky
chch	Jsi tot√°lnƒõ mimo
chch	koho to zaj√≠m√°
chch	Ne ≈°patnƒõ
chch	Ned√°v√°≈° smysl
chch	Nep≈ôesn√©
chch	niƒçemu nerozum√≠≈°
chch	No, to bylo na prd
chch	No, to je na hovno
chch	Sna≈æ se v√≠c
chch	≈†patnƒõ
chch	Tak≈æe to nev√≠≈°?
chch	To byla blbost
chch	To byla fakt ≈°patn√° odpovƒõƒè
chch	To byla hrozn√° odpovƒõƒè
chch	to je chab√©
chch	To je nesmysl
chch	To je ≈°patnƒõ
chch	To mi bylo k niƒçemu
chch	To nebylo relevantn√≠
chch	To nen√≠ pravda
chch	To nen√≠ pravda
chch	To nen√≠ pravda
chch	To nen√≠ p≈ôesn√©
chch	ty nev√≠≈°?
chch	√öplnƒõ mimo
chch	v√°≈ænƒõ?
chch	Vzd√°v√°m to
chch	Zvl√°≈°tn√≠ odpovƒõƒè
chch	Co bych mƒõl vƒõdƒõt o AI?
chch	Co bych mƒõl vƒõdƒõt o robotech?
chch	Co bych mƒõl vƒõdƒõt o technologi√≠ch?
chch	Co bych mƒõl vƒõdƒõt o umƒõl√© inteligenci?
chch	Co si mysl√≠≈° o AI?
chch	Co si mysl√≠≈° o chatbotech?
chch	Co si mysl√≠≈° o robotech?
chch	Co si mysl√≠≈° o technologick√Ωch spoleƒçnostech?
chch	Co si mysl√≠≈° o technologi√≠ch?
chch	Co si mysl√≠≈° o umƒõl√© inteligenci?
chch	Jak√Ω je tv≈Øj n√°zor na roboty?
chch	Jak√Ω je tv≈Øj n√°zor na umƒõlou inteligenci?
chch	Jak√Ω je v√°≈° n√°zor na AI?
chch	Jak√Ω je v√°≈° n√°zor na roboty?
chch	Jak√Ω je v√°≈° n√°zor na technologie?
chch	M√°≈° z√°jem o AI?
chch	M√°≈° z√°jem o roboty?
chch	M√°≈° z√°jem o technologick√© spoleƒçnosti?
chch	M√°≈° z√°jem o technologie?
chch	M√°≈° z√°jem o umƒõlou inteligenci?
chch	M√°te z√°jem o technologii?
chch	Gratulace
chch	Gratuluji
chch	Hodnƒõ ≈°tƒõst√≠
chch	Na zdrav√≠
chch	≈†tastn√© a vesel√©
chch	≈†tastn√© a vesel√©!
chch	≈†≈•astn√Ω nov√Ω rok
chch	Tak na tebe
chch	U≈æij si volno
chch	Vesel√© V√°noce
chch	Vesel√© V√°noce i v√°m
chch	Vesel√© Velikonoce
chch	Vesel√Ω Valent√Ωn
chch	V≈°e nej
chch	V≈°e nejlep≈°√≠ do budoucna
chch	V≈°echno nejlep≈°√≠
chch	V≈°echno nejlep≈°√≠ k narozenin√°m
chch	A co takhle vtip
chch	D√°≈° vtip?
chch	chce≈° mi ≈ô√≠ct vtip?
chch	Chci sly≈°et vtip
chch	Jak√© vtipy zn√°≈°?
chch	M√°≈° nƒõjak√© vtipy?
chch	M√°≈° vtip?
chch	Mƒõl bys nƒõjak√Ω vtip?
chch	M≈Ø≈æe≈° mi ≈ô√≠ct vtip
chch	Napi≈° mi vtip
chch	Podƒõl se o vtip
chch	Po≈°li mi vtip
chch	Pros√≠m o vtip
chch	≈òekne≈° mi vtip?
chch	≈òekni mi vtip
chch	Um√≠≈° nƒõjak√Ω vtip?
chch	Um√≠≈° vtipy?
chch	Vtip
chch	Zn√°≈° nƒõjak√© vtipy?
chch	Zn√°≈° vtipy?
chch	Budu pot≈ôebovat jinou odpovƒõƒè
chch	Dal bys mi jinou odpovƒõƒè?
chch	Hodnƒõ se opakuje≈°
chch	Chci jinou odpovƒõƒè
chch	Chtƒõlo by to jin√© varianty odpovƒõd√≠
chch	Jak to, ≈æe v≈°echno po≈ô√°d opakuje≈°?
chch	Jsi schopn√Ω mi ≈ô√≠ct i nƒõco jin√©ho?
chch	Mƒõn√≠ se nƒõkdy tvoje odpovƒõdi?
chch	M≈Ø≈æe≈° mi ≈ô√≠ct je≈°tƒõ nƒõco?
chch	Mysl√≠m, ≈æe jsem to u≈æ sly≈°el
chch	Mysl√≠m, ≈æe jsi to ≈ô√≠kal
chch	Nem√°≈° mi co ≈ô√≠ct?
chch	Po≈ô√°d se opakuje≈°
chch	Proƒç se opakuje≈°?
chch	P≈ôesta≈à se opakovat
chch	St√°le stejn√° p√≠sniƒçka
chch	Stra≈°nƒõ se opakuje≈°
chch	To je star√Ω
chch	Tohle u≈æ jsem sly≈°el
chch	Zase stejn√° odpovƒõƒè?
chch	Zase tahle odpovƒõƒè?
chch	Zn√°≈° nƒõjak√© dal≈°√≠ odpovƒõdi?
souhlas	Aha
souhlas	Ano
souhlas	Ano, to je spr√°vnƒõ
souhlas	Beru na vƒõdom√≠
souhlas	Bezpochyby
souhlas	Dobr√© vƒõdƒõt
souhlas	Dob≈ôe
souhlas	Dob≈ôe
souhlas	Dokonal√Ω
souhlas	Geni√°ln√≠
souhlas	Ch√°pe≈°
souhlas	Ch√°pu
souhlas	Ch√°pu tƒõ
souhlas	Jasnƒõ
souhlas	Jasn√Ω ne?
souhlas	Je to tak
souhlas	Jo
souhlas	Jo, jasnƒõ
souhlas	M√°≈° pravdu
souhlas	OK
souhlas	Perfektn√≠
souhlas	Pochopil jsem
souhlas	P≈ôesnƒõ
souhlas	P≈ôesnƒõ tak
souhlas	Souhlas
souhlas	Souhlas√≠m
souhlas	Spr√°vnƒõ
souhlas	To je pravda
souhlas	Urƒçitƒõ
souhlas	√ö≈æasn√Ω