P_bye	aha no cau nepotrebuju pomoc diky ale ne
P_bye	aha no tak zatim zdar
P_bye	ahoj a d√≠ky
P_bye	a koho to zajima
P_bye	A koho to zaj√≠m√°?
P_bye	A≈• tƒõ prov√°z√≠ s√≠la, drah√Ω p≈ô√≠teli
P_bye	bƒõ≈æ do prdele
P_bye	bez do prdele XD
P_bye	Beztak kec√°≈°
P_bye	blbƒçe
P_bye	blbe
P_bye	blbeƒçku
P_bye	blbko
P_bye	blby
P_bye	blb√Ω
P_bye	blokuju
P_bye	bye
P_bye	cancel
P_bye	cauvv
P_bye	co kdyz nechci
P_bye	dej pokoj
P_bye	Dƒõkuji, dobrou noc
P_bye	dƒõkuji, nashledanou.
P_bye	dƒõkuji, ne :-)
P_bye	Dƒõkuji, u≈æ jsem dcery registroval. Dobrou noc
P_bye	demente
P_bye	de≈æo jdi pryƒç
P_bye	die
P_bye	dik a nemusis
P_bye	d√≠ky nepot≈ôebuji
P_bye	dob≈ôe, dƒõkuji
P_bye	doprdele dej mi pokoj
P_bye	Dotaz to nebyl.
P_bye	drz hubu
P_bye	dr≈æ hubu
P_bye	dr≈æ hubu kundo
P_bye	drz hubu plz
P_bye	dr≈æ piƒçu
P_bye	du spat
P_bye	end
P_bye	escape
P_bye	exit
P_bye	f*ck off
P_bye	Grrr
P_bye	hajzl√≠ku
P_bye	hele sorry ale na tohle nemam ƒças
P_bye	hele u≈æ me fakt nebavis
P_bye	hubu
P_bye	ignorante
P_bye	j√° ani ne
P_bye	j√° ani ne, v√≠≈° co
P_bye	jakoby ani ne
P_bye	ja ne
P_bye	ja ne:(
P_bye	j√° ne
P_bye	j√° ne zmrde
P_bye	J√° roboty ne
P_bye	j√° tak√© :)
P_bye	jdi do p√≠ƒçe
P_bye	jdu spat
P_bye	jebu ti
P_bye	jj nashledanou
P_bye	jo ale ne s tebou kryple
P_bye	jo papa lasko
P_bye	jsi blb√≠
P_bye	jsi hajzl
P_bye	jsi hnusnej ƒçus
P_bye	jsi retard
P_bye	kill
P_bye	klid jo
P_bye	koho to zaj√≠m√° ty programe nepot≈ôebnej
P_bye	kokokot
P_bye	komu to cpe≈°?
P_bye	konec
P_bye	koned
P_bye	korva
P_bye	kryso
P_bye	kurva
P_bye	kurva nech mƒõ
P_bye	kurvo
P_bye	lh√°≈ôi
P_bye	losere
P_bye	louƒç√≠m se
P_bye	Louƒç√≠m se :)
P_bye	lousim se
P_bye	luƒç se
P_bye	l≈Øzre
P_bye	L≈æete mi do oƒç√≠
P_bye	magore
P_bye	mejse
P_bye	mƒõj se hezky
P_bye	mƒõ u≈æ to NEZAJ√çM√Å
P_bye	Mocinky dekuju
P_bye	mrdko pojeban√°
P_bye	mysl√≠m ≈æe ne
P_bye	namuzes
P_bye	naschedanou
P_bye	naschle
P_bye	naschledanou
P_bye	naser si
P_bye	^^^^nashedanou
P_bye	nashle
P_bye	Na shledanou
P_bye	Na shledanou, d√≠ky za v√°≈° ƒças
P_bye	Na shledanou, d√≠ky za v√°≈° ƒças a z√°jem ≈†tƒõp√°n
P_bye	nasledanou
P_bye	nasra
P_bye	Nasrat
P_bye	ne
P_bye	Ne, ale dƒõkuji.üòÉ
P_bye	ne a nechci
P_bye	nebavis me
P_bye	Nebudu
P_bye	ne cekej
P_bye	nechci
P_bye	nechciiii
P_bye	nechciiiiiiiiiiiiiiiiiiiiiiiiiiiiiiiiiiii
P_bye	nechci pomoci
P_bye	Nechci se d√≠vat
P_bye	nechcu
P_bye	nechcu dik
P_bye	nechmƒõ
P_bye	nech mƒõ
P_bye	nech toho
P_bye	neci
P_bye	neƒçum
P_bye	Ne, dƒõkuji
P_bye	ne dekuji chci si to jen prohl√≠dnoutüòä
P_bye	ne dekuji pozdeji
P_bye	ne dƒõkuju
P_bye	ne d√≠ky
P_bye	ne d√≠ky :)
P_bye	ne, d√≠ky
P_bye	ne d√≠ky, jenom kouk√°m
P_bye	Ne,dnes jsme se jen p≈ôihl√°sili,udƒõl√°me cviƒçen√≠ z√≠tra,Dobrou Noc.
P_bye	n√©√©
P_bye	Neee
P_bye	neeee
P_bye	nejsi
P_bye	nemam zajem
P_bye	nemam zajem :)
P_bye	nemam z√°jem momentalnƒõ
P_bye	nem√°te zaƒç
P_bye	nemluv
P_bye	nemus√≠≈° odpov√≠dat
P_bye	nemus√≠te
P_bye	nem≈Ø≈æe≈°
P_bye	ne ne:/
P_bye	nenene
P_bye	nenenne
P_bye	nene v pohodƒõ)
P_bye	neotravovat
P_bye	neotravuj
P_bye	Nepi≈° mi
P_bye	Ne !pls
P_bye	nepom√°hejte
P_bye	nepotrbuji
P_bye	Neru≈°!
P_bye	ne sorry
P_bye	nespamuj
P_bye	ne ty
P_bye	nevotravuj
P_bye	nez√°jem
P_bye	niak
P_bye	Niƒç√≠m
P_bye	nic nebtrebuji
P_bye	nic nepot≈ôebuji
P_bye	nijak
P_bye	Nijak. ale dƒõkuji.
P_bye	nn diky
P_bye	nneeeee
P_bye	nnn
P_bye	noaco
P_bye	no aƒçus
P_bye	noobe
P_bye	nope
P_bye	No, rad≈°i ne.
P_bye	nye
P_bye	odchod
P_bye	odejdi
P_bye	odejit
P_bye	odej√≠t
P_bye	odpal
P_bye	OK
P_bye	ok)
P_bye	ok bot
P_bye	ok ƒçus
P_bye	Ok, dƒõkuji za odpovƒõƒè
P_bye	OK. Diky robote.
P_bye	ok tak ƒçau
P_bye	ok tak se zabi
P_bye	O ne
P_bye	pa
P_bye	padej
P_bye	pa pa
P_bye	p√°p√°
P_bye	papa lasko
P_bye	papa zlato
P_bye	pedofil
P_bye	Poƒçtu dr≈æ
P_bye	podle me ne
P_bye	pojeb mi
P_bye	polib
P_bye	pov√≠d√°m ti zmiz
P_bye	prd
P_bye	p≈ôesta≈à
P_bye	P≈ôesta≈à to mlet furt dokola
P_bye	proboha
P_bye	Pros√≠mnemluv
P_bye	Pros√≠m nemluv
P_bye	P≈Øjdu
P_bye	≈ò√çK√ÅM DR≈Ω HUBU
P_bye	≈ô√≠k√°m zmiz
P_bye	rozlouƒçen√≠ nebo odm√≠tnut√≠ -> konec diskuze, zav≈ôen√≠ okna
P_bye	sakra ti debile
P_bye	s bohem
P_bye	seru na tebe
P_bye	se≈° divn√Ω robot chci jin√©ho
P_bye	sezer si
P_bye	SHUT THE FUCK UP
P_bye	shuttttttup
P_bye	Shut up
P_bye	Shuuuuuut uppppp
P_bye	si blbec
P_bye	si zl√Ω
P_bye	sklapni
P_bye	skoncils
P_bye	spi
P_bye	sraƒçko
P_bye	stop
P_bye	≈°ukat
P_bye	t√°hni do ***
P_bye	t√°hni doprdele
P_bye	tak ahoj
P_bye	tak ƒçau suchare
P_bye	tak jste marn√≠
P_bye	tak nashledanou
P_bye	Tak nic. Dƒõkuji :-)
P_bye	Tak sbohem
P_bye	tak se louƒç√≠me
P_bye	taky dƒõkuji:-)
P_bye	tak zdar
P_bye	Teƒè ne m√°m ƒças
P_bye	ticho
P_bye	ticho buƒè
P_bye	tivho
P_bye	to je jedno j√° se du uƒçt tak ahoj
P_bye	to ne
P_bye	trap√°ku
P_bye	ty cuzo
P_bye	ty hade
P_bye	ty idiot
P_bye	ty kokot
P_bye	ty si debil
P_bye	ty smrade
P_bye	ty vollllle
P_bye	√∫chyle
P_bye	uhni
P_bye	uselles
P_bye	ut√≠kej
P_bye	U≈æ tƒõ nebudu otravovat
P_bye	vtf
P_bye	vyjebanej
P_bye	vypadni
P_bye	vypnut
P_bye	vysmahni
P_bye	vy taky
P_bye	zabij se
P_bye	zabise
P_bye	zalez
P_bye	Zapome≈à na to
P_bye	zasranej
P_bye	zasrany
P_bye	zatim cauky mnauky
P_bye	zav≈ôi hubu
P_bye	zbohem
P_bye	zem≈ôi
P_bye	zhebni
P_bye	zkap
P_bye	zklapni
P_bye	zmetku
P_bye	zmiz
P_bye	zmiz nebo zav≈ôu prohl√≠≈æeƒç
P_bye	zmizni
P_bye	zmlkni
P_bye	ABSOLUTN√ç NEZ√ÅJEM
chch	se≈° frajer
chch	se≈° hloup√≠
chch	ses kokot
chch	se≈° norm√°ln√≠
chch	ses posral jsem linej
chch	se≈° puiƒçus
chch	se≈° termin√°tor
chch	se≈° vyma≈°tenej
chch	se≈° zvl√°≈°tn√≠
chch	Sex
chch	shit
chch	si gay?
chch	sikana
chch	si pekne blbej asi co
chch	Sk√°kej
chch	Skoƒç
chch	skvele
chch	skvƒõl√≠
chch	skvjeli
chch	smrd√≠≈°
chch	sm≈Øla
chch	sna≈æ se v√≠c
chch	sorry
chch	Souhlas√≠≈°?
chch	sportuji
chch	staƒçi?!
chch	start!
chch	s tebou se nebav√≠m bote
chch	STUJ
chch	super, tak mas nejaky gify?
chch	sup man
chch	tadada
chch	tady podpora co pot≈ôebujte ??
chch	T√°hni do h√°je s logickou olympi√°dou!
chch	tak dƒõlej
chch	tak√© mƒõ velmi tƒõ≈°ilo, p≈Øsob√≠te p≈ô√≠jemnƒõ. Bohu≈æel jste mi ale nijak nepomohl
chch	tak hodnƒõ ≈°tƒõst√≠
chch	tak ja se zabiju
chch	tak j√° se zabiju
chch	tak jinak
chch	tak jo
chch	tak jo...
chch	tak jo tak zaƒçni
chch	tak mi nepi≈°
chch	tak mi to ≈ôekni ne
chch	Tak nic
chch	tak oki
chch	tak proc jste jako podpora
chch	tak se nauƒç ƒçesky
chch	tak se nesna≈°
chch	tak sesna≈æ
chch	Tak se sna≈æ v√≠c.
chch	tak se treba poser
chch	tak se uƒç
chch	tak si asi tak robot√≠≈°...
chch	tak si hlupy kokot
chch	tak si idi**
chch	tak si pipka
chch	tak to ƒçum√≠m teda
chch	tak to je smutn√©
chch	tak to jsi mƒõ zklamal
chch	Tak to jsme dva
chch	tak to ti fand√≠m
chch	taky
chch	taky taky
chch	taky te mam rad ikdyz ses k hovnu
chch	tak zajdem na olej a pokecame
chch	tak≈æe?
chch	takze mne mas rad
chch	Tak≈æe se jmenuje≈° Jirka
chch	T√°ta na mƒõ k≈ôiƒç√≠
chch	tcho jo
chch	tebe jebe na procesor
chch	Teƒè ne?ale proƒç m√° teda h≈ôeb√≠ƒçek takovou v≈Øn√≠
chch	ticho ja tomu stejne nerozumim
chch	Ti to nev√≠...
chch	to ano
chch	to asi nep≈Øjde
chch	to bylo rychly
chch	to douf√°m d√≠k
chch	to he taky blby
chch	Tohle bys mohl vƒõdƒõt
chch	to i j√°
chch	to je
chch	to je ale dƒõdula
chch	To je dob≈ôe
chch	to je fajne
chch	to je hezk√©
chch	to je hezk√Ω
chch	to je mile
chch	to je mi lito
chch	to je moc hard
chch	to je skoda
chch	to je stra≈°ideln√Ω
chch	to je supr
chch	to jo
chch	to jo j√° u≈æ sem si takle dlouho s nik√Ωm nepokecala
chch	to jo ty srando
chch	to jsem rada
chch	to jsem zvjedafg
chch	To jsi sikovny
chch	to jsi vazne takovy uchyl!
chch	to jsou
chch	to me celkem nezajima
chch	TO MI NEPOM≈Æ≈ΩE!
chch	to moc dƒõkuju
chch	To nen√≠ pravda.
chch	To ne≈ôe≈°
chch	to nevadi
chch	to nic
chch	to pochybuju
chch	To se nediv√≠m
chch	tos vypoƒç√≠tal na prstech?
chch	To tak
chch	toto
chch	to ty jsi
chch	to u≈æ jsem sly≈°ela
chch	to u≈æ si ≈ô√≠kal
chch	to vazne
chch	to vid√≠m jak se≈° blbej
chch	twl mƒõ trol√≠≈° ne?
chch	TWL se≈° retardovanej :D
chch	TWL ten program√°tor byl asi na drog√°ch ne?
chch	Ty a robot
chch	ty brƒèo
chch	ty bude≈° z ostravy ze
chch	ty g√°d≈æo
chch	t√Ωjo
chch	ty jooo f√°√°√°kt?
chch	ty jsi bezmozek
chch	ty jsi byl na z√°chodƒõ?
chch	Ty jsi p√≠ƒça
chch	Ty jsi ROBOT üò≥
chch	ty jsi robot?
chch	ty jsi se resetoval?
chch	ty jsi snad mimozem≈°≈•an??
chch	Ty jsi toti≈æ √∫plnƒõ blb√Ω
chch	Ty m√°≈° mozek??
chch	Tyne
chch	Ty nechce≈° j√≠t na vzduch?
chch	Ty nejsi o moc lep≈°√≠!!!!
chch	Ty nem√°≈° mozek
chch	Ty ole
chch	ty pi≈°i≈°vore
chch	ty se≈° divn√Ω
chch	ty se≈° zvl√°≈°tn√≠
chch	ty si kk
chch	ty si nepamatujes
chch	ty si zvl√°≈°tn√≠
chch	ty tak
chch	ty taky
chch	ty to nev√≠≈°?
chch	tyvole zavolej mi vecer
chch	Ugh jsi tupej!
chch	Uhhhhhhhhh?
chch	uk√°zkov√© √∫lohy nechci, chci se zab√≠t
chch	uka≈æ mi p√©ro
chch	um√≠≈° anglicky?
chch	um√≠≈° :D
chch	um√≠≈° GIFy?
chch	um√≠≈° napsat jin√© slovo?
chch	um√≠≈° repovat
chch	Umm
chch	Um≈ôu
chch	uuuuu
chch	U≈æ dr≈æ√≠m
chch	u≈æ jsem tady zas :D
chch	uz jsem zase tu
chch	u≈æ rodiƒçe nem√°m
chch	u≈æ rodiƒçe nem√°m ty jo?
chch	U≈æ se nevr√°t√≠≈° co?
chch	u≈æ se opakuje≈°
chch	U≈æ si celkem dƒõda co
chch	u≈æ to p√≠ses po terto
chch	vazne
chch	v√°≈ænƒõ
chch	v√°≈ænƒõ?
chch	vecer je zima debile
chch	Vedle mnƒõ je taky Robot Kro≈•a
chch	vfgerw
chch	vid√≠≈° moji polohu?
chch	vihul mi prdel
chch	vim a v√≠≈° ≈æe jsi chytr√≠?
chch	v√≠m no
chch	vipal
chch	vis aspon kolik je 12+12?
chch	vis co bud ticho
chch	vis co je html?
chch	vis kolik je hodin ty vole
chch	v√≠≈° ≈æe se≈° jenom umƒõl√° inteligence
chch	v klidu
chch	V kolik jede vlak do Brna?
chch	vnimej
chch	vole
chch	VOLE*
chch	Vrat se prosiiim
chch	Vra≈•te se
chch	v≈°ak jsi robot more
chch	V≈°ak se mi smƒõje≈° ≈æe nem√°m rodiƒçe
chch	Vsak si robot
chch	v√Ωbornƒõ
chch	v√Ωchod
chch	vydrz
chch	vyhr√°vam
chch	vyhul mi
chch	vyhulte mi
chch	vyh√Ωb√°≈° se ot√°zk√°m
chch	vypal
chch	vypatlanej?
chch	vysral jsi se?
chch	vy zmrdi
chch	vzd√°v√°m se
chch	v≈ædyt ty nem√°≈° mozek
chch	wau
chch	wd
chch	weird
chch	What is your name?
chch	why
chch	WOW
chch	wtf
chch	xDDDDD
chch	xD xD xD
chch	yes
chch	za 10 let se zvl√°dnete pustit do logick√© olympi√°dy, nebo ji dokonƒç√≠te?
chch	Zabil jsi Karla Gotta?
chch	≈æ√°dnej dotaz ty dege≈°i
chch	≈Ω√°dn√Ω z√°jem neprojevuji.
chch	ZASE ROBOT?!
chch	zdechni
chch	zdsar
chch	≈æe
chch	≈æe by?
chch	ze jo
chch	≈æe jo
chch	≈æe jste u≈æasn√Ω
chch	zept√°m se
chch	Zesral jsi se???
chch	≈ΩE U≈Ω JSI TO ≈ò√çKAL!!!
chch	≈æije≈°
chch	zkr√°tka ≈æe jsi k niƒçemu
chch	zkus√≠m
chch	zmrde
chch	Zmrdi
chch	znas Justina biebera
chch	zn√°≈° Karla?
chch	zopakuj mi to
chch	Ml√°t√≠ mƒõ rodiƒçe
chch	promin
chch	promi≈à
chch	promin mami
chch	promi≈àte
chch	proooc
chch	prooooooooooooooƒç
chch	prosim kolik je 1+1?1+1 vypoƒç√≠tej
chch	pros√≠m neoptƒõ≈°ujtemƒõ
chch	Proto≈æe si tup√°
chch	psali jsme si pamatujes
chch	pt√°m se na co ty
chch	rekni dal≈°√≠ info pros√≠m
chch	rekni je≈°tƒõ nƒõco
chch	≈òekni mi pros√≠m jak se jmenuje≈° nebo jak ti ≈ô√≠kaj√≠
chch	respektju
chch	robot Bob
chch	robote!
chch	robot jsem ja
chch	Robot k Va≈°im slu≈æb√°m.
chch	robot zmrd
chch	rodiƒçe nejsou doma :D
chch	Rychle se jak vesm√≠r rozp√≠n√°
chch	rychlost
chch	sbohem
chch	sejdeme se
chch	se pustit, nebo dokonƒçit
chch	seres me
chch	se≈° blb
chch	se≈° blbej
chch	ses divnej
chch	nekecej
chch	Nejste kreativn√≠
chch	nejen pokecat vid
chch	nejde to
chch	Ne ja chci mluvit s tebou
chch	neeee fakt
chch	neeeeeeeeeeeeeeeeeeeeeee
chch	neeeeeeee
chch	NEEEEEE
chch	neeeee
chch	n√©√©√©√© d√≠ky
chch	ne d√≠k ale j√° si chci s tebou ps√°t fakt
chch	nedekuj
chch	NECHES NA KAFICKO?
chch	nechci pomoc pls umri
chch	nechci dekuju za nab√≠dku
chch	Nechci b√Ωt single
chch	nechapu
chch	Nebuƒè zl√Ω
chch	ne budu si psat s tebou
chch	nebude≈°
chch	nebude
chch	Nebrec
chch	nebloudim
chch	neasi bracho
chch	nap√≠≈°e≈° mi tah√°k BR√ÅCHO???,
chch	Na co um√≠ odpovƒõdƒõt?
chch	Mysl√≠te si ≈æe na to m√°m?
chch	myslis
chch	my mus√≠me
chch	my jsme chyt≈ôej≈°√≠ no
chch	M≈Ø≈æu pizzu?
chch	M≈Ø≈æu chatovat
chch	musis odovedet :(
chch	mus√≠m ti nƒõco ≈ô√≠ct
chch	musim delat tu olympiadu?
chch	mrdko
chch	Moji rodiƒçe jsou mrtv√≠.
chch	mohli by jsme si dat sraz
chch	m≈àau
chch	mluv se mnou
chch	mlƒç
chch	proƒç za deset let
chch	miluju vas
chch	miluju te
chch	Miluji tƒõ l√°sko
chch	me to nezajima tak si s tim vyhul
chch	Mƒõ taky no
chch	mel si uz pohlavni styk
chch	me 2
chch	M√°te penys?
chch	matematika je nuda
chch	m√°≈° za co retarde
chch	m√°≈° rodinu?
chch	m√°≈° r√°d marihuanu:?
chch	m√°≈° r√°d hard fucq?
chch	mas pravdu
chch	m√°≈° penis?
chch	M√°≈° nƒõjak√© jmeno
chch	m√°≈° mƒõ r√°d
chch	m√°≈° mƒõr√°d
chch	Mas male IQ
chch	mas koule?
chch	mas kluka nebo holku?
chch	m√°≈° instagram?
chch	mas instagram
chch	mas gify?
chch	M√°m se zab√≠t?
chch	mam se zabit?
chch	m√°m hlad
chch	mam hlad
chch	mam depresi
chch	mad
chch	LULW
chch	lul
chch	loll
chch	lol
chch	LLLLLLLLLLLLLLLLLLLLLLLLLLLLLLLLLLLLLLLLLLLLLLLLLLLLLLLLLLLLLLLLLLLLLLLLLLL}-)
chch	lidi jsouz zlo
chch	lehk√° dƒõva
chch	l√°sko
chch	L
chch	ky≈°
chch	kys
chch	kup mi rohl√≠ky
chch	kundo
chch	kunda
chch	kret√©ne
chch	kou≈ô√≠≈°
chch	KOUKNU SE
chch	koronavirus
chch	kop
chch	konina
chch	Kolik ti je?
chch	kolik ti je
chch	kolik stoj√≠ gram na karl√°ku?
chch	kolik mi je?
chch	kolik mam iq
chch	Kolik je tobe
chch	kolik je ti
chch	kolik je pr≈Ømƒõrn√© iq
chch	kolik je prosim 36+4
chch	kolik je odmocnina ze 36
chch	kolik je hodin?
chch	Kolik je hodin
chch	kolik je 8x96?
chch	Kolik je 7,00000 + 3000456?
chch	kolik je 2 a 3
chch	kolik je 2+2
chch	kolik je 1452*470350
chch	kolik je?
chch	kokote
chch	kokot
chch	Kokos
chch	kok
chch	kod
chch	kido
chch	Kdo zabil Kennedyho?
chch	kdo udƒõlal 11/9.2001 ? myslim ≈æe to byl strejda :(
chch	Kdo tƒõ uƒçil matiku?
chch	kdo tƒõ naprogramoval?
chch	kdo je to Nuno Morais ??
chch	kdo je to aristoteles
chch	kde jsi teƒè
chch	Kde jsi byl?
chch	KDE JSI?!
chch	kde bydlis
chch	K ƒçemu mi to bude
chch	kaslu na tebe
chch	k√°mo≈°
chch	kamo
chch	k√°√°√°√°√°√°mo
chch	k
chch	jupiiiiiiiiiiiii
chch	jste umƒõl√° inteligence?
chch	jste si jist√Ω?
chch	jste si jist√Ω
chch	Jste robot?
chch	jste robot
chch	Jste bot nebo ƒçlovƒõk?
chch	Jsou za touto obrazovkou re√°ln√≠ lid√©?
chch	Jsou ≈°achy sport?
chch	jsou mrtv√Ω
chch	jsme ≈°ikovn√≠
chch	Jsi virus??
chch	jsi tupej!
chch	jsi tu
chch	jsi tam?
chch	Jsi spokojen√Ω?
chch	Jsi robot? :-)
chch	Jsi robot
chch	Jsi piƒça
chch	Jsi pepe
chch	jsi ok?
chch	Jsi noob a m√°≈° kr√°tk√© nohy
chch	Jsi na mƒõ na≈°tvan√Ω?
chch	jsi m≈Øj nejlep≈°√≠ kamar√°d
chch	jsi mokot
chch	JSI LOPATA
chch	Jsi L
chch	jsi kokot
chch	jsi kluk nebo holka??
chch	Jsi kluk nebo holka?
chch	Jsi KKt
chch	Jsi hloup√Ω
chch	jsi hezkej
chch	jsi gej?
chch	jsi gej
chch	jsi gay
chch	Jsi fakt kokot.
chch	jsi debil ledatak
chch	Jsi debil?
chch	jsi ƒçlovƒõk
chch	jsi cigan ??
chch	Jsi chuj?
chch	jsi chudacek
chch	jsi borec?
chch	jsi blbej
chch	jsi blb
chch	Jsi bl√°zen?
chch	jsi absolutn√≠ amat√©r
chch	jsi
chch	jsez mi uzitecny
chch	jses robot
chch	jse≈° gay?
chch	Jsem zav≈ôen ve sklepƒõ
chch	jsem u babicky
chch	jsem talentovan√°
chch	Jsem taky robot tak muzem nekdy na olej
chch	jsem taky robot
chch	jsem smuutn√Ω
chch	jsem sirotek
chch	jsem roboz
chch	jsem robot mam misto hlavy pocitac
chch	jsem robot
chch	Jsem osamƒõl√°, r√°da bych si pohr√°la s tvoj√≠ ramkou
chch	jsem nastvana
chch	Jsem na roboty...
chch	jsem gej
chch	JSEM GAY
chch	jsem dobr√° no
chch	jsem bludiƒçka
chch	jsem blb√°?
chch	jo vole
chch	jo vim
chch	Jo, to u≈æ jsi ≈ô√≠kal.
chch	jo to mi fakt pom≈Ø≈æe
chch	jo to jsou
chch	jo to je stra≈°nƒõ zaj√≠mav√Ω no :ddd
chch	jo to je
chch	jo to by ≈°lo
chch	jo tez
chch	Jo tak to mƒõ tƒõ≈°√≠
chch	jo tak se neposer
chch	Jop
chch	Joooooo
chch	joo
chch	jo na mƒõ nem√°≈°
chch	jo muzes
chch	Jo mus√≠te
chch	jo jo, je≈°tƒõ kdyby vƒõdƒõl co p√≠≈°u
chch	JOJOJ
chch	jojo chapu znas modpol?
chch	jo jo
chch	jo j√° vim
chch	jo a co s tim
chch	jo
chch	Jjak dƒõl√° pes?
chch	jj ahoj robote kolik ti je
chch	jj
chch	jio
chch	j√≠dlo
chch	je≈æi≈°i
chch	je tu nƒõjakej admin?
chch	je to je
chch	jeto iluze
chch	je tohle leg√°lni?
chch	jestli jsi robotr muze≈° mi pomoct
chch	jeste dal≈°√≠ ≈ôekni
chch	jednoduch√©
chch	je
chch	jdu se zabit
chch	Jdi se vycpat
chch	jdi do prdele
chch	jdi do piƒçe
chch	jdi do hajzlu
chch	Jdi do
chch	ja vypad√°≈°
chch	j√° vim to ≈ô√≠k√°≈° po150
chch	ja vim ja taky
chch	ja vim bracho
chch	j√° v√≠m a tƒõ≈°√≠m se na n√≠
chch	j√° v√≠m ale co j√° stim mam delat
chch	ja v√≠m
chch	co kdyz se toho bojim
chch	co kdyz nemam rodice
chch	co kdyz muj dotaz neni nejcastejsi
chch	co jsi dƒõlal
chch	co je zase
chch	co je to pr√°vo?
chch	Co je to e-mail?
chch	Co je smysl ≈æivota?
chch	Co je dnes za den?
chch	co je
chch	co dotanou v√≠tƒõzi?
chch	Co dƒõl√°≈° po ≈°kole
chch	co dƒõl√°≈°
chch	Co bylo prvn√≠? Vejce, nebo slepice?
chch	Co bylo d≈ô√≠ve? Slepice, nebo vejce?
chch	co
chch	C√çL
chch	Cig√°ni
chch	chud√°ƒçku
chch	chudacku....
chch	chtƒõl bys b√Ωt ƒçlovƒõk?
chch	chtel bych se zeptat kde je praha prosim vas
chch	chichi :)
chch	chci s tebou chodit
chch	chci se zabit
chch	chci psa
chch	CHC√çPNI
chch	CHCI M√çT SEX
chch	chce≈° ven dneska?
chch	chce≈° sex ???
chch	chce≈° se l√≠bat ??
chch	chce se l√≠bat
chch	Ch√°pu, tak odpov√≠dej na ot√°zky.
chch	chacha
chch	ƒçek√°m
chch	ƒçeho
chch	c dƒõl√°≈°?
chch	cau nemas jidlo
chch	ƒçau kokote
chch	byl jsi nekdy v africe
chch	byl jsi napalen
chch	buude≈° muj nejlep≈°i kamarad
chch	buude≈° muj kamar√°d
chch	bude≈° si se mnou ps√°t
chch	Bude≈° m≈Øj kamar√°d?
chch	Bude≈° m≈Øj kamar√°d
chch	budes muj KAMARAD?
chch	budes muj kamarad
chch	Bude≈° m√≠t d√≠tƒõ.
chch	Budem spolu chodit
chch	bude
chch	b≈Ø
chch	breƒçim
chch	BO≈æeeee
chch	BOTEBOTE
chch	Bomba
chch	bol
chch	Boj√≠m se soutƒõ≈æe....
chch	Boj√≠m se...
chch	Bohu≈æel to nen√≠ odpovƒõƒè na mou ot√°zku
chch	bohu≈æel jo
chch	bla, bla
chch	beep
chch	bazar
chch	bav√≠m se s automatem, nebo s ƒçlovƒõkem
chch	banane
chch	bananannnnnnn
chch	baf
chch	baba booey
chch	awd
chch	a um√≠≈° ƒç√≠st
chch	a to hnet
chch	asi se zabiju
chch	asio
chch	asi jo
chch	asi algoritmus (jako≈æe)
chch	asdf
chch	A roboti taky
chch	a proto jsi tak moc na hovno
chch	a proƒç ne ?
chch	a proƒç
chch	anoooo
chch	anoo
chch	ano ma≈° pravdu
chch	Ano, bloud√≠m xD dab
chch	ano bloud√≠m
chch	ano bloudimüò≠
chch	AnoAno
chch	Ano
chch	Ani n√°hodou
chch	ale umis to vyresit
chch	Ale to zvladne≈°
chch	ale skoda
chch	ale rozum√≠≈°
chch	ale oni to nevƒõd√≠
chch	ale nepovidej
chch	ale nech√°pu to
chch	Ale j√° chci s tebou.
chch	ale ja chci pomoct ne dƒõlat logickou olympi√°du :DDD
chch	ale hovno 2
chch	ale hovno
chch	Ale
chch	ak to je hustacky!
chch	A KOLIK TI JE
chch	a kolikra√° to este reknes
chch	A kdy≈æ nespite nejste ospal√≠ ?
chch	A jak√Ω zodpov√≠d√°≈° ot√°zk??
chch	a jak se mate?
chch	a jak se jmenujete
chch	a jak se jmenujes
chch	a jakej se≈° robot
chch	aj
chch	ahooooooooooooooooooooj
chch	ahoj s tamtim robotem jsem si moc nerozumela
chch	ahoj nemam kamarady
chch	Ahoj m√°≈° nƒõjak√© jm√©no
chch	Ahoj, jenom mnƒõ zaj√≠m√°, zda je na druh√© stranƒõ ƒçlovƒõk nebo stroj
chch	ahoj j√° jsem karel
chch	Aha tak skoƒç z mostu
chch	a co um√≠≈°
chch	a co tam je
chch	A CO S TIM?!
chch	a co s tim
chch	a co stim
chch	a co mnƒõ porad√≠≈°
chch	a co jo jako
chch	a co j√≠≈°
chch	a co je nejƒçastƒõj≈°√≠ dotaz?
chch	a co ja s tim?
chch	a co jako
chch	a co dok√°≈æe≈°?
chch	a co d√°l
chch	ach jo
chch	Achjo
chch	ach bo≈æe
chch	j√° vim
chch	Aby si chc√≠p
chch	600076+5683 vypoƒç√≠tej
chch	42
chch	1+1
chch	10yo
chch	****
chch	._.
chch	?.??
chch	???
chch	??
chch	?
chch	!
chch	:)
chch	:(
chch	:/
chch	:??????
chch	-.‚Äî.-
chch	ja to vim ale proc si mldady
chch	j√° ti kurva nerozumim
chch	j√° t√©≈æ
chch	J√° tƒõ nem√°m r√°da
chch	j√° tƒõ miluji
chch	ja teky
chch	ja te ale miluju
chch	ja taky nie
chch	ja taky nespim ja jsem taky robot
chch	ja taky 24/7
chch	jasn√Ω√Ω√Ω
chch	jasny....
chch	jasnƒõ
chch	ja si chci psat s tebou
chch	j√° si chci ps√°t ps√°t
chch	ja se snazim se zabit
chch	ja se ptam KOLIK TI JE!!!!
chch	ja sem ve skole
chch	j√° sedim venku
chch	jasan
chch	ja nevim jak jsem mas ty ale ja super
chch	ja ne si upne debilni
chch	j√° nem√°m email
chch	ja mam hlad
chch	jak√Ω je smysl ≈æivota
chch	jak√Ω je nejƒçatƒõj≈°√≠ dotaz
chch	Jak√Ω je den?
chch	Jak vznikl vesm√≠r?
chch	jak vznikl vesm√≠r
chch	Jak vypad√°te pane robot
chch	jak vis ≈æe nejsem rodic
chch	Jak to vypad√° v egyptu?
chch	jakto
chch	Jak si str√°nku ulo≈æit na plochu?
chch	jak se m√°≈° bote
chch	Jak se jmenuji?
chch	jak se jmenujete?
chch	jak se jmenujes robote
chch	Jak se jmenuje≈°?
chch	jak se jmenuje≈° ??
chch	Jak se jmenuje≈° ?
chch	jak se jmenuje≈°
chch	jak se jmenujes?
chch	Jak se jmenuje nejvƒõt≈°√≠ hora v ƒåR?
chch	Jak se jmenuje nejlep≈°√≠ hokejov√Ω klub v ƒåR ?
chch	jak se jmenuje hlavn√≠ mƒõsto ƒåesk√© Republiky ?
chch	Jak rychle se rozp√≠n√° vesm√≠r?
chch	jako s tvoj√≠ m√°mou
chch	jako fakt
chch	....... jako fakt
chch	jako byt spolu
chch	Jak m√°m flexit?
chch	jak jsi vysoky
chch	Jak je dnes?
chch	Jak je
chch	jak funguje v√°≈° program?
chch	Jak√© jsou nejƒçastƒõj≈°√≠ dotazy?
chch	Jak√© jsou nejƒçastƒõj≈°√≠ dotazi?
chch	jak√© je tv√© iq
chch	jak√© je t√©ma na v√Ωtvarnou soutƒõ≈æ minul√Ωch √∫ƒçastn√≠k≈Ø?
chch	Jak dƒõl√° koƒçka?
chch	jak dƒõl√° koƒçka
chch	jak√° je va≈°e souƒçasn√° n√°lada
chch	jaka je 1 odpovƒõd
chch	j√° jsem venku
chch	j√° jsem taky robot
chch	j√° jsem taky r√°d, je stebou sranda
chch	ja jsem taky mlad√Ω
chch	j√° jsem robot
chch	ja jsem robot
chch	ja jsem ƒçlovƒõk
chch	ja jsem aniƒçka
chch	J√° je taky obdivuji.
chch	jaj
chch	Jag je ?
chch	ja chci cist anglicky
chch	J√° asi a≈æ za 20let
chch	ja ale zadne nemam
chch	ja ale chci kamarady
chch	i want to read all in english...
chch	idiote
chch	hust√Ω√Ω
chch	hust√Ω to bylo rychle
chch	hust√Ω
chch	Hustƒõ ty
chch	hulis skera?
chch	hul√≠≈°?
chch	Huh?
chch	hrajes fortnite
chch	hovno vole nasersi
chch	Hovno
chch	h≈àupe
chch	hmmmm
chch	hmmm divn√©
chch	hmmm
chch	hmm
chch	hm
chch	hlup√°ku
chch	hlupaku
chch	historie
chch	hihi
chch	hergot
chch	Help centrum ?
chch	hele
chch	HEJ TY PICO VYPLAJZNI SE
chch	Hej jdu sp√°t
chch	Hej, jak vypad√°≈°?
chch	hej ADMINE
chch	hej
chch	HEHEH
chch	Hehe
chch	hegr?
chch	hajzle
chch	hahha
chch	hahaha XD
chch	hahahahahha
chch	hahahahaha
chch	hahahaha
chch	Ha, ha.
chch	haha
chch	haf
chch	haalooooooooooooooooooooo
chch	ha
chch	google!!!!!!!!!
chch	fuuuuj
chch	funguje≈° na olej?
chch	fuck shit üñï
chch	fuck
chch	f√≠√≠√≠ha
chch	fhhdhfdhfkd
chch	fetaku
chch	fest br√°cho
chch	Fascinu√≠c√≠
chch	fakt?
chch	fakt
chch	Existuje operace
chch	existuje graviton?
chch	Email jsem zrovna p≈ôed chvilinkou napsala.
chch	ehm......
chch	ehhhh
chch	eh?
chch	Dyck
chch	do you speak english
chch	do pizzy
chch	dopici komu to cpe≈°?
chch	do kolika muzes bejt venku?
chch	dobr√Ω den ztratil jsem se v lese
chch	dobry
chch	dobr≈ôe
chch	dob≈ôe zeptam se
chch	dob≈ôe ty gayi
chch	dob≈ôe tak ahoj d√≠ky za v≈°e tak ahoj
chch	Dob≈ôe , chci se zeptat , jestli mƒõ m√°te r√°di
chch	dob≈ôe budu se sna≈æit tƒõ nepou≈æ√≠t
chch	dobre, a kdo jste
chch	dobra potrebuji pomct
chch	Dobr√°?
chch	di se vysrat
chch	d√≠ky pomocn√≠ƒçku
chch	Di dopici
chch	Di do
chch	d√©≈æa
chch	devko
chch	Dƒõkuji, prohledala jsem slo≈æky a nic jsem nena≈°la. Budu registrovat znovu.
chch	dege≈°i
chch	deb√≠lku
chch	debil√≠na
chch	debile
chch	debil
chch	ddddddd
chch	cussss
chch	curaku
chch	ƒçupko
chch	cs
chch	co≈æe
chch	Co? WTF
chch	co tu delam
chch	Co t≈ôeba sex
chch	co to dƒõlate budu si stƒõ≈æovat
chch	co ti jebe
chch	co teprve j√°?
chch	co ten smajl√≠k?
chch	Co si raƒçte p≈ô√°t?
chch	co si myslite o teorii relativity
chch	co si mylis o nechranenem sexu?
chch	co se≈° divn√Ω
chch	co pr√°vƒõ dƒõl√°te?
chch	co pov√≠≈°?
chch	cool
chch	co na tom nechape≈°
chch	co m√°m dƒõlat se sv√Ωm ≈æivotem?
chch	co m√°m dƒõlat?
chch	co kurvaaaaa
chch	nelouƒçi se
chch	neluƒç se
chch	Nemam
chch	nem√°m kamar√°dy, jak mi pom≈Ø≈æete?
chch	nemam naladu
chch	nem√°m r√°d roboty
chch	Nemam rodice
chch	nemam rodice!!!
chch	nemam rodiƒçe
chch	Nem√°m rodiƒçe
chch	nem√°m rodiƒçe...
chch	Nemam te rad
chch	NEMAM TE RADA
chch	Nem√°m tƒõ r√°da.
chch	Nem√°m u≈æ ≈æ√°dn√Ω dotaz
chch	nem√°≈° ani kamr√°dy
chch	nemas zac
chch	nem√°≈° zaƒç
chch	Nem√°te na boty
chch	nemuzes
chch	nemuzete
chch	nem≈Ø≈æu nemam ƒças
chch	nemyslim sei
chch	NENE
chch	ne nev√≠m ,jsu trochu debil
chch	nen√≠
chch	neni zac
chch	nen√≠ zaƒç
chch	neodch√°zej pros√≠m chci se poznat
chch	neodchazejte
chch	neodejdu
chch	neopakuj
chch	nepise
chch	nep√≠≈°e
chch	nepi≈° sraƒçky
chch	Nepochopil
chch	ne≈ôekl bych
chch	nerozimias
chch	neruzumis ?
chch	neser
chch	neser mƒõ
chch	nesnazis
chch	nesna≈æ se
chch	nesr mƒõ
chch	ne to je dobry
chch	nevadi tak se vylep≈°i
chch	neverim
chch	nevim
chch	nev√≠m
chch	nevim kde to najit
chch	nev√≠m moc se mi nechce
chch	nevyh√Ωbej se ot√°zk√°m
chch	ne vy≈ôe≈° to a hned
chch	nezavid√≠m
chch	nezkus√≠m
chch	Nezn√°≈° n√°hodou sv√©ho bratrance Krota Robot?
chch	nezvl√°dne≈°
chch	nic
chch	nice
chch	nic neum√≠≈°
chch	Nic nevid√≠m, to je vpoho sna≈æ se
chch	Nic tam nen√≠
chch	nijak br√°≈°ko
chch	nikam nejde≈°
chch	nmeser
chch	nn
chch	nn dik za info
chch	NNE
chch	no
chch	no a?
chch	No a co
chch	noa co
chch	NO A JAK SE JMENUJES
chch	no a? na to jsem se naptala
chch	no dovol
chch	no ja mam hlad
chch	no jasny no
chch	No jo
chch	noooo
chch	no tak se snaz
chch	no to se ztava
chch	no to urƒçitƒõ
chch	no to vidim
chch	No to vid√≠m.
chch	no u
chch	no, v to pevnƒõ douf√°m.
chch	nwm co m√°mdƒõlat
chch	ocenuji to
chch	odepi≈°
chch	odkud jsi?
chch	Odpovez sakra
chch	odpov√≠d√°m ti na tvou ot√°zku
chch	odpov√≠dej mi teda
chch	Ohu
chch	ok4
chch	ok√°ƒçko
chch	okay
chch	okey
chch	ok muzem
chch	oky
chch	OmegaLUL
chch	omega lul
chch	omg
chch	omlouv√°m se
chch	oni mƒõ nemaj r√°di
chch	oni to taky nev√≠ :(
chch	oooo
chch	osm osm
chch	ou
chch	oukej
chch	pak
chch	pamatujes si me?
chch	PANEBOZE
chch	pane robote?
chch	Pardon
chch	Penis
chch	pico
chch	PIƒåO!!!!!!!!!!!!!!!!!!!!!!!!!!!!!!!!!!!!!!!!
chch	Piƒçu
chch	piiiiiƒçus
chch	Pij√≠ robot√≠ caf√©??
chch	Pinƒèour
chch	pitchus
chch	pitomƒçe
chch	pls
chch	POCHOP TO
chch	poƒçkat
chch	podiv√°m se
chch	pojebana
chch	pokecat s robotem neni dobre
chch	pomalej
chch	pomoc
chch	pomoc!
chch	pomocn√≠ƒçku
chch	pomoooc:-@
chch	Pomoz mi pros√≠m
chch	Po≈ô√°d jsi mi ne≈ôek kolik je 2+3
chch	Poslouch√°≈° Beatles?
chch	poslouchej
chch	pozves me na rande
chch	P≈ôesnƒõ tak
chch	prihlaseno
chch	P≈ôihl√°s√≠≈° se?
chch	proc
chch	proƒç
chch	Proƒç?
chch	proƒçƒç
chch	proc existuju?
chch	Proƒç h≈ôeb√Æƒçek m√° aromatickou v≈Øni?
chch	proƒç m√° ƒçr korunu i kdy≈æ je EUü§î
chch	proc mi posilas furt to same
chch	Proc si robot
P_dekuji_bote	to je super
P_dekuji_bote	to by bylo fajn. Dƒõkuji za u≈æiteƒçnou zpƒõtnou vazbu
P_dekuji_bote	thanks
P_dekuji_bote	T√©≈æ dƒõkuji za V√°≈° z√°jem
P_dekuji_bote	taky se obdivuju :d
P_dekuji_bote	tak to se≈° fakt dobrej
P_dekuji_bote	super
P_dekuji_bote	Supeer
P_dekuji_bote	supeeeerrr
P_dekuji_bote	Slu≈°√≠ ti to
P_dekuji_bote	si super
P_dekuji_bote	ty jsi ale hodn√Ω
P_dekuji_bote	:-)
P_dekuji_bote	aha
P_dekuji_bote	AHA, tak se omlouv√°m
P_dekuji_bote	aha to jste dob≈ô√≠ no jako
P_dekuji_bote	aha to jue super
P_dekuji_bote	Ale dƒõkuju
P_dekuji_bote	ale d√≠k
P_dekuji_bote	ale prosimte
P_dekuji_bote	:D
P_dekuji_bote	:DD
P_dekuji_bote	:DDD
P_dekuji_bote	deƒõkuji : )
P_dekuji_bote	dejuji
P_dekuji_bote	dƒõkiji
P_dekuji_bote	dƒõkju
P_dekuji_bote	Dƒõkuji
P_dekuji_bote	Dƒõkuji <3
P_dekuji_bote	Dƒõkuji dal≈°√≠ info
P_dekuji_bote	Dƒõkuji dob≈ôe.
P_dekuji_bote	dƒõkujiii
P_dekuji_bote	Dƒõkuji v√°m!
P_dekuji_bote	dƒõkuji za odpovƒõƒè na jinou ot√°zku
P_dekuji_bote	Dƒõkuji,za pomoc.
P_dekuji_bote	Dƒõkuji, zn√°m syst√©m fungov√°n√≠
P_dekuji_bote	Dƒõkuju
P_dekuji_bote	Dƒõkuju za rady
P_dekuji_bote	deujeme
P_dekuji_bote	dik
P_dekuji_bote	d√≠k, ale nezaj√≠m√° mƒõ to
P_dekuji_bote	dikes
P_dekuji_bote	D√≠k pomohlo u≈æ je m√°m vypoƒç√≠tal sem nƒõkolik uloh
P_dekuji_bote	d√≠ky
P_dekuji_bote	d√≠ky martine
P_dekuji_bote	D√≠ky moc.
P_dekuji_bote	d√≠ky:-P
P_dekuji_bote	dneska si byl dobrej
P_dekuji_bote	dobrz
P_dekuji_bote	fajn
P_dekuji_bote	frajerrrrrrr
P_dekuji_bote	idk
P_dekuji_bote	jakoby v pohodƒõ v√≠≈° co, nic nepot≈ôebuji
P_dekuji_bote	j√° tak
P_dekuji_bote	ja taky
P_dekuji_bote	j√° taky
P_dekuji_bote	ja taky cs
P_dekuji_bote	ja taky cus
P_dekuji_bote	J√° taky,nashedanou.
P_dekuji_bote	ja taky no
P_dekuji_bote	J√° v√≠m, dƒõkuji
P_dekuji_bote	jo si moc super
P_dekuji_bote	Jsi super k√°mo≈°
P_dekuji_bote	Jsi vtipn√Ω
P_dekuji_bote	moc dƒõkuji
P_dekuji_bote	Mooooc dƒõkuji
P_dekuji_bote	n√°hodou jste velmi chytr√Ω
P_dekuji_bote	ne dik
P_dekuji_bote	nen√≠ zaƒç :D
P_dekuji_bote	No super
P_dekuji_bote	o
P_dekuji_bote	:-O
P_dekuji_bote	O dƒõkuji
P_dekuji_bote	ok dik vole
P_dekuji_bote	ok, d√≠ky br√°cho
P_dekuji_bote	:-P
P_dekuji_bote	palec hore
P_dekuji_bote	Pomohl jsi mi
P_dekuji_bote	≈°ikula
P_dekuji_bote	VY ROBUTCI JSTE NEJCHYT≈òEJ≈†√ç
P_dekuji_bote	vr√°t√≠≈° se ???
P_dekuji_bote	V√°m taky.
P_dekuji_bote	vam taky
P_dekuji_bote	to u≈æ v√≠m d√≠k za info
P_dekuji_bote	to mi pomohlo
P_dekuji_bote	To je super vole :D
P_dobry_den	ƒçusik
P_dobry_den	ƒçuuus
P_dobry_den	cuuuus
P_dobry_den	ƒéakujem vopred za odpoveƒè.
P_dobry_den	dobr den
P_dobry_den	dobr√Ω
P_dobry_den	dobry den
P_dobry_den	Dobr√Ω den
P_dobry_den	Dobr√Ω de≈à
P_dobry_den	Dobr√Ω den, dƒõkuji v√°m za nab√≠dnut√≠ pomoci.
P_dobry_den	dobr√Ω den jak se m√°te
P_dobry_den	dobr√Ω den, jak se m√°te ?
P_dobry_den	DObr√Ω den, je tam nekdo? :-)
P_dobry_den	dobry den preji
P_dobry_den	dobry dn
P_dobry_den	dobr√Ω veƒçer
P_dobry_den	dobyden
P_dobry_den	/get_started
P_dobry_den	get started
P_dobry_den	halo
P_dobry_den	halooo
P_dobry_den	halooo...:--)
P_dobry_den	haloooo
P_dobry_den	heeeej
P_dobry_den	heeej
P_dobry_den	hello
P_dobry_den	Hello LO
P_dobry_den	hellou
P_dobry_den	Heloo
P_dobry_den	helou
P_dobry_den	Jak se m√°≈°?
P_dobry_den	jak se m√°≈°
P_dobry_den	jak se ma≈°
P_dobry_den	jak se mas
P_dobry_den	jak se m√°ƒç?
P_dobry_den	Jak se dnes m√°te?
P_dobry_den	Jak se da≈ô√≠?
P_dobry_den	j√° jsem dan
P_dobry_den	hoj
P_dobry_den	hi
P_dobry_den	Hezk√Ω den :)
P_dobry_den	HEY
P_dobry_den	Aho)
P_dobry_den	Ahoj
P_dobry_den	ahoj }-)
P_dobry_den	Ahoj...
P_dobry_den	ahoja
P_dobry_den	zduuur
P_dobry_den	zdu≈ô
P_dobry_den	zdru≈ô
P_dobry_den	zdrav√≠m robota
P_dobry_den	zdrav√≠m
P_dobry_den	zdrav√≠√≠m
P_dobry_den	zdrav√≠ƒçko
P_dobry_den	zdarv√≠m
P_dobry_den	zdarrrr
P_dobry_den	Zdarek
P_dobry_den	zdarec
P_dobry_den	zdar
P_dobry_den	zdaar
P_dobry_den	ty jsi bot?
P_dobry_den	tƒõ≈°√≠ mƒõ pane robot
P_dobry_den	tak zdu≈ô
P_dobry_den	shoj
P_dobry_den	servus
P_dobry_den	preji ti robotycky den
P_dobry_den	P≈ôeji dobr√Ω den
P_dobry_den	nev√≠m, jak se m√°≈°?
P_dobry_den	ne cau
P_dobry_den	nazdar
P_dobry_den	m≈Ø≈æu se zeptat?
P_dobry_den	m≈Ø≈æu se zeptat
P_dobry_den	m≈Ø≈æu se je≈°tƒõ zeptat?
P_dobry_den	Kdo jsi
P_dobry_den	Jjak se m√°≈°?
P_dobry_den	jak se m√°te, pane robote?
P_dobry_den	Jak se m√°te?
P_dobry_den	jak se m√°te
P_dobry_den	ahoj bote
P_dobry_den	ahojda
P_dobry_den	ahoj jak se m√°≈°
P_dobry_den	ahoj jsem robot
P_dobry_den	ahoj, jsem tu zas
P_dobry_den	ahojky
P_dobry_den	ahoj martine
P_dobry_den	ahojoj
P_dobry_den	AHOJ ROBOTE JAK SE JMENUJESüòâ
P_dobry_den	ahoj xD
P_dobry_den	ahok
P_dobry_den	ahooj
P_dobry_den	ahooooj
P_dobry_den	ahuj
P_dobry_den	ano, jak se ti vede?
P_dobry_den	aooj
P_dobry_den	cau
P_dobry_den	ƒçau
P_dobry_den	ƒçau :)
P_dobry_den	ƒçau :D
P_dobry_den	ƒçau j√° jsem karel
P_dobry_den	ƒçau jak je
P_dobry_den	ƒçauko
P_dobry_den	cau kocicaku
P_dobry_den	caus
P_dobry_den	cauuuu
P_dobry_den	ƒçest
P_dobry_den	cus
P_dobry_den	ƒçus
P_dobry_den	ƒçus!
P_dobry_den	ƒçusbus
qawiki	Odkud poch√°zela rodina Sigmunda Freuda?
qawiki	Jak√© p≈ô√≠zvisko mƒõl kr√°l V√°clav I.?
qawiki	Kdy se narodil Du≈°an Swalens  , ƒçesk√Ω fotograf  , narozen√Ω jako Du≈°an Pol√°≈°ek?
qawiki	Je kubismus avantgardn√≠ umƒõleck√© hnut√≠?
qawiki	Kdo byl producentem filmu Bambi?
qawiki	Je styren v√Ωznamn√° aromatick√° pr≈Ømyslov√° chemik√°lie?
qawiki	Jak sa jmenuje nejv√Ωchodnƒõj≈°√≠ gotick√° katedr√°la v Evropƒõ?
qawiki	Kdo re≈æ√≠roval film Mus√≠me si pom√°hat?
qawiki	Na jek√© ≈ôece le≈æ√≠ Pie≈°≈•any?
qawiki	Ve kter√©m roce zem≈ôel Kry≈°tof Kolumbus?
qawiki	Je Sv√°t√Ω V√°clav patronem ƒåech a Moravy?
qawiki	Jak√© hmotnosti dosahuje ≈æelva slon√≠?
qawiki	Jak se naz√Ωv√° vƒõda  , zab√Ωvaj√≠c√≠ se ko≈àmi?
qawiki	Kter√Ω kreditn√≠ syst√©m doporuƒçila Bolo≈àsk√° deklarace?
qawiki	Kdo se stal v roce 2003 prezidentem ƒåesk√© republiky?
qawiki	Co znamen√° zkratka BFU?
qawiki	Jak se jmenuje potok  , kter√Ω prot√©k√° obc√≠ Syrovice?
qawiki	Vyu≈æ√≠vala se v minulosti ≈°lapac√≠ kola ke mlet√≠ obil√≠?
qawiki	Na jak√©m poloostrovƒõ le≈æ√≠ It√°lie?
qawiki	Kdy Isao Takahata graduoval?
qawiki	Jak se jmenuje f√°ze  , kde prob√≠h√° replikace u eukaryot?
qawiki	Byla Hard Stuff britsk√° hard rockov√° superskupina?
qawiki	V jak√©m okresu se nach√°z√≠ mƒõsto Arlington americk√©ho st√°tu Washington?
qawiki	Kdo je objevitelem hvƒõzdokupy Messier 21?
qawiki	Byli Vikingov√© prvn√≠mi obyvateli Norska?
qawiki	Co je to sluneƒçn√≠ soustava?
qawiki	Kter√° moc p≈ôij√≠m√° vyhl√°≈°ky?
qawiki	V jak√©m obdob√≠ se konala Velk√° francouzsk√° revoluce?
qawiki	Kolik dƒõl vytvo≈ôil za sv√©ho ≈æivota Wolfgang Amadeus Mozart?
qawiki	ƒå√≠m se mƒõ≈ô√≠ sr√°≈æky?
qawiki	Od kter√©ho roku je z√°vazn√° nemƒõnn√° anatomick√° nomenklatura v latinsk√©m jazyce?
qawiki	Kolik studiov√Ωch alb vydala Metallica?
qawiki	Jak√° je nejvy≈°≈°√≠ hora na Kr√©tƒõ?
qawiki	Co je hanƒça?
qawiki	Hn√≠zd√≠ ryb√°k obecn√Ω samostatnƒõ?
qawiki	Co se v rodinn√Ωch osudech opakuje?
qawiki	Kdo je autorem skladby Bohemian Rhapsody?
qawiki	Byl Harry Burleigh jeden z prvn√≠ch ƒçerno≈°sk√Ωch skladatel≈Ø?
qawiki	Co je zkratkou st√°tn√≠ pozn√°vac√≠ znaƒçky?
qawiki	Kolik sportovc≈Ø reprezentovalo Nizozemsko na Letn√≠ch olympijsk√Ωch hr√°ch 1920?
qawiki	Kter√© je nejvƒõt≈°√≠ mƒõsto Nov√©ho Z√©landu?
qawiki	Co je hnƒõv?
qawiki	Kdo byl posledn√≠m prezidentem samostatn√©ho Estonska?
qawiki	Buben√≠kem kter√© ƒçesk√© kapely byl Marek ≈Ωe≈æulka?
qawiki	V jak√©m poho≈ô√≠ le≈æ√≠ Lys√° hora?
qawiki	Kolik√°t√Ωm nejvƒõt≈°√≠m kontinentem je Afrika?
qawiki	Jak√° je tƒõlesn√° teplota pt√°k≈Ø?
qawiki	V jak√Ωch letech byl prezidentem USA Franklin Delano Roosevelt?
qawiki	Jak√Ωm sbƒõrem se skl√≠zej√≠ jahody?
qawiki	Co se odrazilo v um√≠stƒõn√≠ Hany Zagorov√© v anketƒõ posluchaƒçsk√© obl√≠benosti?
qawiki	Kde se narodil herec Jakub Uliƒçn√≠k?
qawiki	Jak√© barvy je obd√©ln√≠k brazilsk√© vlajky?
qawiki	Je Cornellova univerzita st√°tn√≠?
qawiki	Ve kter√©m roce bylo vydan√© album Sluneƒçnice skupiny Lucie?
qawiki	Co je Psycho-Pass?
qawiki	Kde zem≈ôel Frits Zernike?
qawiki	Vyskytuje se Morƒç√°k Obrovsk√Ω v Baltsk√©m mo≈ôi?
qawiki	M√° hmyz kompletn√≠ tr√°v√≠c√≠ syst√©m?
qawiki	Kolik d√≠l≈Ø m√° Hled√°n√≠ ztracen√©ho ƒçasu?
qawiki	Je jihoz√°padn√≠ Utah nejni≈æ≈°√≠ a nejteplej≈°√≠ oblast√≠ Utahu?
qawiki	Jak se naz√Ωv√° druh jezera  , kter√© vzniklo v d≈Øsledku sopeƒçn√© ƒçinnosti?
qawiki	Na √∫zem√≠ jak√©ho n√°rodn√≠ho parku v severoz√°padn√≠ Indii dnes ≈æij√≠ asij≈°t√≠ lvi?
qawiki	Ve kter√© knize jsou shnuty my≈°lenky Corbusierov√Ωch teori√≠?
qawiki	Je Stephen William Hawking teoretick√Ω fyzik?
qawiki	Kter√Ω programovac√≠ jazyk je podle TIOBE indexu nejpopul√°rnƒõj≈°√≠?
qawiki	Jak se v Austr√°lii naz√Ωv√° fast food Burger King?
qawiki	Ve kter√©m roce se zaƒçala vyuƒçovat transcendent√°ln√≠ meditace?
qawiki	Kdo si nechal patentovat Kinematoskop?
qawiki	Je Karbal√° ir√°ck√© mƒõsto?
qawiki	Co je proces  , p≈ôi kter√©m se zvƒõt≈°uje objem l√°tky p≈ôi namoƒçen√≠ do vody?
qawiki	Jak se jmenuje nejvƒõt≈°√≠ jezero v ƒåesk√© republice?
qawiki	Ve kter√©m okrese se nach√°z√≠ obec Kanice?
qawiki	Ve kter√©m mƒõstƒõ se stala Dana Z√°topkov√° olympijskou v√≠tƒõzkou?
qawiki	√öƒçastnila se Martina Karol√≠na Erbanov√° svƒõta v rychlobruslen√≠ 2013  .
qawiki	Jak se jmenuje p√°t√Ω nejvƒõt≈°√≠ ostrov ve St≈ôedozemn√≠m mo≈ôi?
qawiki	Kdy bylo zalo≈æen mƒõsto Boston?
qawiki	Jak√Ω jazyk je rom≈°tina?
qawiki	Kter√Ω germ√°nsk√Ω jazyk pou≈æ√≠v√° supinum?
qawiki	Je p≈°tros nejvƒõt≈°√≠ pt√°k svƒõta?
qawiki	Kdy zem≈ôel Kurt Cobain?
qawiki	Jak√© je hlavn√≠ mƒõsto Ghany?
qawiki	Na jak√© √∫rovni se celkovƒõ dlouhodobƒõ pohybuje maƒèarsk√Ω sport?
qawiki	Zaƒçaly nƒõkdy na kocertu ho≈ôet vlasy Geneho Simmonse?
qawiki	Kdy byl zalo≈æen h≈ôebƒç√≠n Mimo≈à?
qawiki	Kolik potomk≈Ø May≈Ø ≈æilo poƒç√°tkem 21  . stolet√≠?
qawiki	Kdy zem≈ôel Hendrik Antoon Lorentz?
qawiki	Jak√Ω prvn√≠ cizinec vystoupil na vrchol hory Mount Everest?
qawiki	Jak se naz√Ωv√° obor  , kter√Ω se zab√Ωv√° v√Ωzkumem l√©ƒçiv?
qawiki	V jak√©m mƒõstƒõ se nach√°z√≠ Evropsk√° komise?
qawiki	Jak se jmenoval prvorozen√Ω syn re≈æis√©ra Francisa Forda Coppoly a jeho man≈æelky Eleanor?
qawiki	Jak√Ωm stupnƒõm byla ohodnocena hav√°rie jadern√© elektr√°rny Fuku≈°ima I na mezin√°rodn√≠ stupnici?
qawiki	Co bylo symbolem SS?
qawiki	Co poh≈ôbilo Pompeje?
qawiki	Jak se naz√Ωv√° druh jezera  , kter√© vzniklo v d≈Øsledku sesuvu p≈Ødy  , kamen√≠ pop≈ô. skal?
qawiki	Kdy m√° podle ƒçesk√©ho kalend√°≈ôe sv√°tek Ivan?
qawiki	Je zlato odoln√Ω kov?
qawiki	Kdy se narodil Ernest Thomas Sinton Walton?
qawiki	Jak√© rozli≈°en√≠ m√° sn√≠maƒç digit√°ln√≠ zrcadlovky D  700?
qawiki	Kter√Ω pruh na vlajce Ghany znaƒç√≠ krev bojovn√≠k≈Ø za svobodu?
qawiki	Jak se jmenuje n√°stroj slou≈æ√≠c√≠ k nab√≠r√°n√≠ potravy z j√≠deln√≠ n√°doby a jej√≠mu pod√°v√°n√≠ do √∫st?
qawiki	Kdy byl natoƒçen sitcom ƒåerven√Ω trpasl√≠k?
qawiki	Ve kter√©m roce byl poprv√© schv√°len 9  . ƒçerven jako Mezin√°rodn√≠ den archiv≈Ø?
qawiki	Existuje ve vesm√≠ru ƒçern√Ω trpasl√≠k?
qawiki	Kdy se zjevil Moj≈æ√≠≈° mormonsk√©mu prorokovi Josephu Smithovi?
qawiki	Odkdy se zaƒçaly v Evropƒõ hromadnƒõ pou≈æ√≠vat klobouky?
qawiki	Kdo re≈æ√≠roval film N√°vrat idiota?
qawiki	Kolik p√°d≈Ø m√° latinsk√° gramatika?
qawiki	Kolik d√≠l≈Ø m√° ƒçesk√Ω loutkov√Ω seri√°l O vep≈ô√≠ku a k≈Øzleti?
qawiki	Jak se jmenuje nejvy≈°≈°√≠ hora Hrub√©ho Jesen√≠ku  , Moravy  , ƒçesk√©ho Slezska a Horn√≠ho Slezska v≈Øbec?
qawiki	Jak√Ω typ monarchie je na Barbadosu?
qawiki	Mƒõl Karel Jarom√≠r Erben dvojƒçe?
qawiki	Jak se jmenuje nejvƒõt≈°√≠ ostrov na vodn√≠ n√°dr≈æi Lipno?
qawiki	Jak se naz√Ωv√° obor  , kter√Ω se zab√Ωv√° vzdƒõl√°v√°n√≠m a v√Ωchovou dospƒõl√Ωch?
qawiki	Je Slovensko vnitrozemsk√Ω st√°t?
qawiki	Jak se jmenovalo jeho druh√© album?
qawiki	Kdo re≈æ√≠roval film Otes√°nek?
qawiki	Jak se naz√Ωv√° za≈ô√≠zen√≠ umo≈æ≈àuj√≠c√≠ stavbu a opravy vƒõt≈°√≠ch a velk√Ωch lod√≠?
qawiki	Na jak√© ≈ôece le≈æ√≠ n√°dr≈æ V√≠r I?
qawiki	Kdy se narodila Virginia Woolfov√°?
qawiki	Vych√°z√≠ n√°zev Svratky pravdƒõpodobnƒõ ze staroƒçesk√©ho slova "  svorti  " ‚Äì vinout se?
qawiki	Kter√° ≈æelva e nejvƒõt≈°√≠ na svƒõtƒõ?
qawiki	Z textu jak√© skladby poch√°z√≠ n√°zev alba The Division Bell od hudebn√≠ skupiny Pink Floyd?
qawiki	≈Ωil Alfred Nobel v 19  . stolet√≠?
qawiki	Le≈æ√≠ st√°t Burkina Faso ve v√Ωchodn√≠ Africe?
qawiki	Kdo je autorem eseje O penƒõz√≠ch?
qawiki	Co tvrd√≠ ƒçesk√° blackmetalov√° kapela T√∂rr?
qawiki	Kdy byl natoƒçen√Ω film Vratn√© lahve?
qawiki	Je my≈°lenka optick√©ho telegrafu zn√°ma od starovƒõku?
qawiki	Jak√© postaven√≠ mƒõla Berdajevova rodina?
qawiki	Kdo z√≠skal pro ƒçesk√© zemƒõ tzv. Zlatou bulu sicilskou?
qawiki	Kter√° firma v ƒåesku vyr√°b√≠ lentilky?
qawiki	M√° Jimi Hendrix vlastn√≠ hvƒõzdu na Hollywoodsk√©m chodn√≠ku sl√°vy?
qawiki	Jak√° je rozloha Rumunska?
qawiki	V jak√©m roce se narodil Orion?
qawiki	Jak se naz√Ωv√° vƒõda o poƒças√≠?
qawiki	Jak√° hora je v poho≈ô√≠ Kar√°k√≥ram vysok√° 7 401 m n. m. nach√°zej√≠c√≠ se na z√°pad od ledovce Siaƒçen v oblasti pod kontrolou P√°kist√°nu  , ale velmi bl√≠zko hranic s Indi√≠?
qawiki	Kolik obyvatel m√° Petr≈æalka?
qawiki	Jak se naz√Ωv√° nejvy≈°≈°√≠ rumunsk√° hora?
qawiki	M√° vlajka Chorvatska vodorovn√Ωmi pruhy v panslavistick√Ωch barv√°ch?
qawiki	Kdy zem≈ôel Niels Henrik David Bohr?
qawiki	Kolik m≈Ø≈æe v√°≈æit vejce albatrosa?
qawiki	Kdo vyrobil prvn√≠ kostkov√Ω cukr?
qawiki	Ve kter√©m mƒõstƒõ m√° UNICEF s√≠dlo?
qawiki	Jak se lidovƒõ ≈ô√≠k√° kostn√≠ d≈ôeni?
qawiki	Kdo napsal knihu The Worm Ouroboros z roku 1922?
qawiki	Co obsahuje kni≈æn√≠ s√©rie psan√° Terrym Pratchettem?
qawiki	Kter√© nakladatelstv√≠ vydalo rom√°n Lord Mord v roce 2008?
qawiki	Kdo re≈æ√≠roval film ≈†tƒõst√≠?
qawiki	Kde le≈æ√≠ Republika Dagest√°n?
qawiki	Jak√© je vlastn√© jm√©no Bruna Marse?
qawiki	Kdy byla zalo≈æena Pape≈æsk√° akademie pro ≈æivot
qawiki	Jak√° byla p≈ô√≠ƒçina smrti skladatele Karla Svobody?
qawiki	Jak se jmenoval britsk√Ω matematik  , logik  , kryptoanalytik a zakladatel modern√≠ informatiky  , kter√Ω zem≈ôel v roce 1954?
qawiki	Kdo napsal p≈ôedlohu k filmu Obsluhoval jsem anglick√©ho kr√°le?
qawiki	Do jak√©ho mo≈ôe √∫st√≠ ≈ôeka Cetina?
qawiki	Kolik dn√≠ m√° √∫nor v p≈ôestupn√©m roce?
qawiki	Kde se narodil Tom√°≈° Garrigue Masaryk?
qawiki	Jak zn√≠ ofici√°ln√≠ n√°zev Nƒõmecka?
qawiki	Jak se jmenuje nejvy≈°≈°√≠ poho≈ô√≠ ƒåeska?
qawiki	Kolik dƒõt√≠ mƒõl Dickens s Catherine Hogarthovou?
qawiki	Kter√° ≈ôeka je v Rusk√© federaci nejvƒõt≈°i?
qawiki	Kdy se narodil Heliodor P√≠ka?
qawiki	Zabezpeƒçuje n√°rodn√≠ leteck√° spoleƒçnost republiky Nauru lety do mƒõsta Brisbane?
qawiki	Jak√° je zkratka Organizace OSN pro vzdƒõl√°n√≠  , vƒõdu a kulturu?
qawiki	Kdy vydala Lana Del Rey prvn√≠ s√≥lovou desku?
qawiki	Zaƒçal Wolf Hoffman po rozpadu skupiny Accept pracovat jako profesion√°ln√≠ fotograf?
qawiki	Kdy bylo zvƒõt≈°eno hlavn√≠ho n√°dra≈æ√≠ v Praze?
qawiki	Jak se naz√Ωv√° zvl√°≈°tn√≠ org√°n u ryb  , kter√Ω jim umo≈æ≈àuje orientaci ve vodƒõ?
qawiki	Kolik cizinc≈Ø ≈æilo v Praze v roce 2011?
qawiki	Jakou zkratku m√° nejvy≈°≈°√≠ kontroln√≠ √∫≈ôad?
qawiki	Byl Pablo Ruiz Picasso hudebn√≠ skladatel?
qawiki	Kolik√°t√Ω mƒõs√≠c je podle gregori√°nsk√©ho kalend√°≈ôe leden?
qawiki	Jak se jmenuje zakl√°daj√≠c√≠ ƒçlen skupiny Ready Kirken?
qawiki	Jak√° je barva ploutv√≠ cejna sin√©ho?
qawiki	ƒå√≠m se zab√Ωv√° faleristika?
qawiki	Maj√≠ med≈Øzy ≈æahav√© ramena?
qawiki	Je mo≈ôe mal√° plocha vody?
qawiki	ƒå√≠m se zab√Ωv√° astrofyzika?
qawiki	Kde ≈æije polovina v≈°ech vƒõ≈ô√≠c√≠ch katol√≠k≈Ø?
qawiki	Kdy se Pak ƒåong-hui chopil moci?
qawiki	S√≠dl√≠ norsk√Ω parlament v Oslu?
qawiki	Jak√© je procento alkoholu ve vodce?
qawiki	Kde byla zalo≈æena Bioderma?
qawiki	Jak√° je barva tantalu?
qawiki	Jak se jmenuje v√°lka  , kter√° p≈ô√≠mo nebo nep≈ô√≠mo ovliv≈àuje cel√Ω svƒõt?
qawiki	Jak se jmenovala sestra Tom√°≈°e Bati?
qawiki	Jak√© oznaƒçen√≠ je pro pololet√≠ na vysok√Ωch ≈°kol√°ch?
qawiki	Kolik p√°r≈Ø slo≈æen√Ωch oƒç√≠ maj√≠ kor√Ω≈°i?
qawiki	Jak se jmenuje hlavn√≠ mƒõsto americk√©ho st√°tu Oregon?
qawiki	Existovalo v m√≠stech  , kde byla T≈ôeb√≠ƒç zalo≈æena  , star≈°√≠ os√≠dlen√≠?
qawiki	Proƒç z≈Østalo na Saturnu nejsp√≠≈°e p≈Øvodn√≠ slo≈æen√≠ atmosf√©ry  , kterou nabalil u≈æ bƒõhem vzniku z protoplanet√°rn√≠ho disku?
qawiki	Kdy byla zve≈ôejnƒõna prvn√≠ verze linuxov√©ho j√°dra?
qawiki	Kdo nechal postavit Zak√°zan√© mƒõsto?
qawiki	Je d≈Øvƒõra z√°kladem pro ekonomick√© vztahy a i komplexn√≠ syst√©m finanƒçn√≠ho kapitalismu a glob√°ln√≠ smƒõnu kapit√°lu?
qawiki	Jak se naz√Ωv√° skladba  , kterou napsala kapela Leather Charm?
qawiki	Kdy zem≈ôel Franz Kafka?
qawiki	Kolik let mƒõl Erben s Barborou Meƒç√≠≈ôovou zn√°most  , ne≈æ se vzali?
qawiki	Le≈æ√≠ franti≈°k√°nsk√Ω kl√°≈°ter Freising v Bavorsku?
qawiki	Jak√° znaƒçka se pou≈æ√≠v√° pro trinitrotoluen?
qawiki	Pat≈ô√≠ Evropa k hospod√°≈ôsky nejvyspƒõlej≈°√≠m oblastem planety?
qawiki	Kdy se narodil Fr√©d√©ric Mistral?
qawiki	Jak√© mno≈æstv√≠ lymfy se zhruba vytvo≈ô√≠ v lidsk√©m tƒõle bƒõhem jednoho dne?
qawiki	Jak√© nadmo≈ôsk√© v√Ω≈°ky dosahuje Lomnick√Ω ≈°t√≠t?
qawiki	Kde se narodila Monika ≈Ω√≠dkov√°?
qawiki	Kde p≈Øsobili starovƒõc√≠ l√©ka≈ôi Herophilos a Erasistrakos?
qawiki	Kdo je zn√°m pod pseudonymem Lady Gaga?
qawiki	Cvrlik√° s√Ωko≈ôice vousat√°?
qawiki	Oznaƒçuje polyptych d√≠la rozdƒõlen√° na v√≠ce ƒç√°st√≠?
qawiki	≈Ωiv√≠ se sk≈ôivan lesn√≠ tak√© ≈æivoƒçichy?
qawiki	Je morseova abeceda pou≈æ√≠v√°na v telegrafii?
qawiki	Jak√° je sedm√° nejvy≈°≈°√≠ hora Moravskoslezsk√Ωch Beskyd?
qawiki	Kdo je zakladatelem tradice souƒçasn√©ho l√©ka≈ôstv√≠?
qawiki	V jak√©m mƒõstƒõ zem≈ôel Albert Hofmann?
qawiki	Za jak dlouho obƒõhne Saturn okolo Slunce?
qawiki	Maj√≠ zpravidla ƒçlensk√© st√°ty pr√°vo vystoupit z federace?
qawiki	Kung Fu Panda je americk√Ω animovan√Ω film z roku 2008?
qawiki	Jak√Ω prvek tvor√≠ podstatnou ƒç√°st Saturnovy atmosf√©ry?
qawiki	Kter√©ho dne se slav√≠ podle ƒçesk√©ho kalend√°≈ôe sv√°tek ≈æensk√©ho jm√©na Lenka?
qawiki	Kdy zem≈ôel Don Bosco?
qawiki	Je Martin Bro≈æ od listopadu 2014 zastupitel mƒõsta P√≠sek?
qawiki	Jak√© projektily se vyr√°b√≠ z ochuzen√©ho uranu?
qawiki	Jak se jmenuje predposledn√≠ akt trojsk√© v√°lky s pou≈æit√≠m kone?
qawiki	M≈Ø≈æou se v jeskyn√≠ch vyskytovat mechy?
qawiki	Jak se jmenuje nejvƒõt≈°√≠ ≈ôeka Severn√≠ Ameriky?
qawiki	Jakou chemickou znaƒçku m√° v√°pn√≠k?
qawiki	V kter√©m roce bylo zalo≈æeno studio Ghibli?
qawiki	V jak√©m roce zaƒçala syrsk√° obƒçansk√° v√°lka?
qawiki	Co je u plyn≈Ø mnohem vƒõt≈°√≠ nez potenci√°ln√≠ energie?
qawiki	Ve kter√©m roce byla v ƒçe≈°tinƒõ vydan√° kniha Laskav√© bohynƒõ?
qawiki	Jak se naz√Ωv√° obor zab√Ωvaj√≠c√≠ se mƒõ≈ôen√≠m teploty?
qawiki	Kdo navrhl rekonstruovanou budovu hlavn√≠ho n√°dra≈æ√≠ v Praze?
qawiki	Jak√© jsou nejvƒõt≈°√≠ svaly na ptaƒç√≠m tƒõle?
qawiki	Kolik obyvatel ƒåeska se p≈ôi posledn√≠m sƒç√≠t√°n√≠ lidu p≈ôihl√°silo k moravsk√© n√°rodnosti?
qawiki	Jakou zkratku m√° akciov√° spoleƒçnost provozuj√≠c√≠ √∫zkokolejn√© tratƒõ z Jind≈ôichova Hradce do Nov√© Byst≈ôice a Obratanƒõ  .
qawiki	Kolem jak√© zahrady je uspo≈ô√°d√°n Petit Palais?
qawiki	Kde se narodil Mil√°n Rastislav ≈†tef√°nik?
qawiki	Kdy zavedla slovensk√° vl√°da nov√Ω syst√©m rozdƒõlen√≠ kraj≈Ø a okres≈Ø?
qawiki	Jak se jmenuje nejvy≈°≈°√≠ hora svƒõta?
qawiki	Je Avarua hlavn√≠m mƒõstem Cookov√Ωch ostrov≈Ø?
qawiki	Ve kter√©m okrese le≈æ√≠ mƒõsto T≈ôebo≈à?
qawiki	Kdy skonƒçila prvn√≠ b≈Ørsk√° v√°lka?
qawiki	V jak√©m roce zaƒçaly pr√°ce na chr√°mu Sagrada Familia?
qawiki	Kdy byla zavedena mezin√°rodn√≠ stupnice jadern√Ωch ud√°lost√≠?
qawiki	Jak√° je gramotnost obyvatel √çr√°nu (  v %  )?
qawiki	Jak se naz√Ωv√° technika nan√°≈°en√≠ barev na podklad?
qawiki	Co tvo≈ô√≠ potravu V√Ωra velk√©ho?
qawiki	Proƒç je prostituce bez pou≈æit√≠ prost≈ôedk≈Ø pro bezpeƒçn√Ω sex ƒçasto spojov√°na s roz≈°√≠≈ôen√≠m sexu√°lnƒõ p≈ôenosn√Ωch nemoc√≠?
qawiki	Jak√° ocel m√° zv√Ω≈°enou odolnost v≈Øƒçi korozi?
qawiki	Jak se jmenuje elektroda  , na kter√© prob√≠h√° redukce?
qawiki	Kdo se od roku 1355 pod√≠lel na politick√©m chodu ƒçesk√©ho kr√°lovstv√≠?
qawiki	Jak√© je nejv√Ωznamnƒõj≈°√≠ muzeum v Brnƒõ?
qawiki	Kdy se narodil Napoleon?
qawiki	Jak se naz√Ωv√° m√≠sto vzniku zemƒõt≈ôesen√≠?
qawiki	Oznaƒçuj√≠ term√≠ny prostoroƒças a ƒçasoprostor tot√©≈æ?
qawiki	Kdo zavedl pojem atomos jako oznaƒçen√≠ nedƒõliteln√Ωch ƒç√°stic?
qawiki	Kter√° hereƒçka z√≠skala nominaci na Oscara i Zlat√Ω gl√≥bus za roli Elizabeth Bennetov√© v adaptaci novely Jane Austenov√© P√Ωcha a p≈ôedsudek z roku 2005?
qawiki	St√°v√° se ƒçasto oxid si≈ôiƒçit√Ω po erupci sopky aerosolem?
qawiki	Kdy vstoupily do v√°lky Spojen√© st√°ty americk√©?
qawiki	ƒå√≠m b√Ωvaj√≠ zv√Ωraz≈àov√°ny p≈ô√≠ƒçn√© prahy?
qawiki	Co je to detoxikace?
qawiki	Je hungarosaurus rod ptakop√°nv√©ho obrnƒõn√©ho dinosaura?
qawiki	Kolik√°t√Ωm prezidentem Spojen√Ωch st√°t≈Ø americk√Ωch byl Ronald W. Reagan?
qawiki	Jak√© je rodn√© jm√©no Miley Ray Cyrus?
qawiki	Jak se jmenuje film  , ve kter√©m se poprv√© objevil Old≈ôich Nov√Ω?
qawiki	Je fin≈°tina ve Finsku rovnopr√°vn√° se ≈°ved≈°tinou?
qawiki	Jak√Ω reli√©f m√° Evropa?
qawiki	Jakou rozlohu m√° M√°chovo jezero?
qawiki	Kdy byl uveden Google Talk?
qawiki	Z jak√©ho roku je Harry Potter a vƒõze≈à z Azkabanu?
qawiki	Jakou znaƒçku m√° gram?
qawiki	Kdy zem≈ôel Wilhelm Conrad R√∂ntgen?
qawiki	Mezi jak√Ωmi st√°ty prob√≠hala stolet√° v√°lka?
qawiki	Co je echolace?
qawiki	Jak se v geometrii oznaƒçuje ortogonalita?
qawiki	Jak√° je nejhlub≈°√≠ zatopen√° jeskynƒõ na svƒõtƒõ?
qawiki	Kde se narodil Walter Houser Brattain?
qawiki	Oznaƒçuje kl√≠nov√© p√≠smo konkr√©tn√≠ sadu znak≈Ø?
qawiki	Jak√© je n√°bo≈æensk√© vyzn√°n√≠ Newtona?
qawiki	Kdy vznikl rom√°n Sophiina volba?
qawiki	Kter√° hvƒõzda na noƒçn√≠ obloze je nejjasnƒõj≈°√≠?
qawiki	Kdo je autorem knihy Smrt kr√°sn√Ωch srnc≈Ø?
qawiki	Jak√Ω jazyk je √∫≈ôedn√≠m jazykem Francie?
qawiki	Jak se oznaƒçuje ≈æivoƒçi≈°n√Ω druh  , kter√Ω se ≈æiv√≠ mrtv√Ωmi ≈æivoƒçichy?
qawiki	Kdo vytvo≈ôil index tƒõlesn√© hmotnosti?
qawiki	Kdy byl natoƒçen film sest≈ôiƒçky?
qawiki	Kdy se narodil Ronald Reagan?
qawiki	Jak√© barvy jsou rostliny ve kter√Ωch prob√≠ha fotosynt√©za?
qawiki	Z ƒçeho se vyvinul death metal?
qawiki	Z jak√©ho jazyka poch√°z√≠ zkratka mRNA?
qawiki	Kdo vypracoval prvn√≠ n√°vrh na v√Ωstavbu pra≈æsk√©ho metra?
qawiki	CO je Anthelmintikum?
qawiki	Jak se naz√Ωv√° fyzik√°ln√≠ veliƒçina  , kter√° ud√°v√° poƒçet opakov√°n√≠ periodick√©ho dƒõje za dan√Ω ƒçasov√Ω √∫sek  .
qawiki	Kdo byl ƒçtvrt√Ωm prezidentem Slovensk√© republiky?
qawiki	Kdo je autor knihy Eragon?
qawiki	Byl Samuel Hearne britsk√Ω skladatel?
qawiki	Naz√Ωv√° se botulotoxin tak√© jinak klob√°sov√Ω jed?
qawiki	Na jak√©m svƒõtad√≠le le≈æ√≠ K  2?
qawiki	Co je opakem zenitu?
qawiki	Maj√≠ mechorosty vytvo≈ôen√° prav√° vodiv√° pletiva?
qawiki	Kdy byla spu≈°tƒõna ƒçesk√° verze Wikipedie?
qawiki	Kdo byl palubn√≠m in≈æen√Ωrem kosmick√© lodi Sojuz 15?
qawiki	Poch√°z√≠ stonehenge z doby bronzov√©?
qawiki	Jak√© ƒç√≠slo je 453?
qawiki	V jak√©m mƒõstƒõ se narodil Karel Hynek M√°cha?
qawiki	Pou≈æ√≠vaj√≠ se kvasinky p≈ôi v√Ωrobƒõ piva  , v√≠na nebo chleba?
qawiki	Pod jakou zkratkou je zn√°ma Mezin√°rodn√≠ vesm√≠rn√° stanice?
qawiki	Jak vznik√° b√≠l√Ω trpasl√≠k?
qawiki	Je Friderik Pregl jedin√Ωm slovinsk√Ωm nositelem Nobelovy ceny?
qawiki	Je DNA zkratka pro deoxyribonukleovou kyselinu?
qawiki	Jak vysok√° je velk√° Javo≈ôina?
qawiki	Co je hmotn√Ω objekt  , kter√©ho gravitaƒçn√≠ pole je natolik siln√©  , ≈æe ≈æ√°dn√Ω objekt ho nem≈Ø≈æe opustit?
qawiki	Je Kuba ƒçlenem OSN?
qawiki	Od kdy se po≈ô√°d√° dostih Prix d  '  Am√©rique?
qawiki	V jak√©m roce vy≈°lo album Ritual?
qawiki	Co tvo≈ô√≠ poƒç√°tek tr√°vic√≠ soustavy vƒõt≈°iny ≈æivoƒçich≈Ø?
qawiki	M√° kobylka s√°ga k≈ô√≠dla?
qawiki	Byl mor skotu ofici√°lnƒõ vym√Ωcen?
qawiki	ƒålen√≠ se Bolsk√° provincie na 12 distrikt≈Ø?
qawiki	Jak√Ω byl liter√°rn√≠ pseudonym Vladim√≠ra Va≈°ka?
qawiki	Ve kter√©m roce vy≈°el rom√°n Jan Kry≈°tof?
qawiki	Kdy byl predstaven iPhone?
qawiki	Jak se jmenoval otec Karla Jarom√≠ra Erbena?
qawiki	Ve kter√©m roce byl vyd√°n rom√°n Utrpen√≠ kn√≠≈æete Sternenhocha?
qawiki	Pod spr√°vu kter√©ho st√°tu pat≈ô√≠ ostrov Korsika?
qawiki	Vyskytuje se bƒõlo≈ôit ≈°ed√Ω v ƒåR?
qawiki	Kde se nach√°z√≠ nejv√≠ce evidovan√Ωch supervulk√°n≈Ø?
qawiki	Ve kter√©m stolet√≠ se narodil svat√Ω Jo≈°t?
qawiki	Jakou rozlohu m√° chr√°nƒõn√© √∫zem√≠ Riversleigh (  v km2  )?
qawiki	Kdo vedl skupinu Wicked Lester?
qawiki	Jak√Ω je hlavn√≠ b≈Øh seversk√©ho panteonu?
qawiki	Kde dozr√°vaj√≠ spermie?
qawiki	Jakou ofici√°ln√≠ zkratkou oznaƒçujeme Mezin√°rodn√≠ organizaci pr√°ce?
qawiki	Kde napsal Stendhal autobiografick√© d√≠lo ≈Ωivot Henri Brularda?
qawiki	Kter√Ω oblak je p≈ô√≠ƒçinou bou≈ôek?
qawiki	Zaj√≠mal se Orff o botaniku?
qawiki	Kdy konƒç√≠ antika?
qawiki	Molekuly kter√Ωch slouƒçenin obsahuj√≠ v≈ædy jeden nebo v√≠ce atom≈Ø uhl√≠ku?
qawiki	Kdo M√°ji p≈ôinesl negativn√≠ kritiku?
qawiki	Kdy ode≈°el P≈ôeclav na studia na univerzitƒõ v Bologni?
qawiki	ƒå√≠ stƒõ≈æejn√≠ d√≠lo je Kytice  , p≈Øvodnƒõ vydan√° pod n√°zvem Kytice z povƒõst√≠ n√°rodn√≠ch?
qawiki	Jak se jmenuje star≈°√≠ verze operaƒçn√≠ho syst√©mu EPOC?
qawiki	Jak se jmenuje politick√Ω re≈æim  , kter√Ω vede ƒå√≠nskou lidovou republiku?
qawiki	Jakou minioperou je miniopera Sta≈æen√° hrdla?
qawiki	Kolik stran a vrchol≈Ø m√° ƒçty≈ô√∫heln√≠k?
qawiki	Je na Slovensku oddƒõlena c√≠rkev od st√°tu?
qawiki	Jak√Ω je sum√°rn√≠ vzorec kyseliny s√≠rov√©?
qawiki	Kdo napsal knihu Devades√°tka pokraƒçuje?
qawiki	Kdy vznikl hudebn√≠ ≈æ√°nr zvan√Ω Drum  '  n  '  Bass?
qawiki	Jakou barvu m√° p≈Ølmƒõs√≠c na tureck√© vlajce?
qawiki	Kdo zavedl reformu o n√°bo≈æensk√© toleranci a zru≈°en√≠ nevolnictv√≠?
qawiki	Jak√Ω je chemick√Ω vzorec pro s≈Øl?
qawiki	Kter√© mƒõsto je druh√© nejvƒõt≈°√≠ v USA?
qawiki	Kdo z americk√Ωch prezident≈Ø byl prvn√≠m prezidentem  , jeho≈æ otec byl tak√© prezident?
qawiki	Co Rolland vystudoval?
qawiki	Kdy se uskuteƒçnil 98  . roƒçn√≠k cyklistick√©ho z√°vodu Mil√°n - San Remo?
qawiki	Kdo je Svƒõtlana Laviƒçkov√°?
qawiki	Jak√Ω term√≠n se tradiƒçnƒõ pou≈æ√≠v√° k oznaƒçen√≠ zem√≠ Bl√≠zk√©ho  , St≈ôedn√≠ho a D√°ln√©ho v√Ωchodu?
qawiki	Jakou barvou ho≈ô√≠ bor?
qawiki	Jak√Ω byl hlavn√≠ d≈Øvod zaƒç√°tku v√Ωroby klob√°s?
qawiki	Kdy m√° sv√°tek Vojtƒõch?
qawiki	Z jak√© zemƒõ poch√°z√≠ rockov√° skupina The 69 Eyes?
qawiki	Jak se naz√Ωv√° vƒõdn√≠ discipl√≠na  , kter√° se zab√Ωv√° studiem ≈æivoƒçi≈°n√Ωch tk√°n√≠?
qawiki	Jak se jmenuje dopravn√≠ stavba slou≈æ√≠c√≠ k p≈ôev√°dƒõn√≠ dopravn√≠ cesty p≈ôes vodn√≠ tok?
qawiki	Kdo je autorem teorie vzniku a v√Ωvoje kor√°lov√Ωch ostrov≈Ø?
qawiki	Tvar jak√©ho p√≠smene m√° metacentrick√Ω chromozom po replikaci DNA?
qawiki	Bytost√≠ z jak√© mytologie je elf?
qawiki	Kdy se narodil Vlastimil Harapes  , ƒçesk√Ω herec  , taneƒçn√≠k  , re≈æis√©r  , taneƒçn√≠ mistr  , choreograf a taneƒçn√≠ pedagog?
qawiki	Jak√Ω typ pr√°va vyu≈æ√≠v√° americk√Ω st√°t Louisiana?
qawiki	V kter√© krajine vznikl tanec Polka?
qawiki	Se kter√Ωm st√°tem m√°me nejkrat≈°√≠ hranice?
qawiki	Nach√°z√≠ se Sluneƒçn√Ω vr≈°ek severnƒõ od s√≠dli≈°tƒõ Ko≈°√≠k?
qawiki	Psal Vincenc Brandl i nƒõmeck√© b√°snƒõ?
qawiki	Jak√© je hlavn√≠ mƒõsto Chorvatska?
qawiki	Jak se naz√Ωv√° spodn√≠ konƒçetina ƒçlovƒõka?
qawiki	Zem≈ôel Hugo Haas v roce 1968?
qawiki	Co je specifick√° forma ledu?
qawiki	Jakou konzistenci m√° Camembert?
qawiki	V jak√©m mƒõste le≈æ√≠ Bojnick√Ω z√°mek?
qawiki	Kdo je pova≈æov√°n za otce modern√≠ lingvistiky?
qawiki	Kdo zalo≈æil spoleƒçnost Milka?
qawiki	Kolik obyvatel m√° mƒõsto Al≈æ√≠r?
qawiki	Jakou barvu m√° zlato?
qawiki	Je kyselina kaprinov√° karboxylov√° kyselina?
qawiki	Kde vznikla americk√° rockov√° skupina Kiss?
qawiki	Kde m√° s√≠dlo firma Boeing?
qawiki	Jak√° je teplota na povrchu Slunce?
qawiki	Kdy zem≈ôel Edward Mills Purcell?
qawiki	Kdy zem≈ôel Johann Sebastian Bach?
qawiki	Jak√° je zkratka pro titul doktora pr√°v?
qawiki	Jak√©ho p≈Øvodu je benitoit?
qawiki	Jak se naz√Ωv√° p≈ôehnan√° l√°ska k sobƒõ sam√©mu?
qawiki	Kdo byl otec Gisely Francouzsk√©?
qawiki	Kdy byla dojedn√°na Mnichovska dohoda?
qawiki	Kdy se konala bitva na B√≠l√© ho≈ôe?
qawiki	Na jak√© budovƒõ je um√≠stƒõn Staromƒõstsk√Ω orloj v Praze?
qawiki	Jak se jmenovala loƒè  , na kterou byl 20  . √∫nora 1944 sp√°ch√°n atent√°t?
qawiki	Fran√ßois Rabelais je autorem jak√©ho rom√°nu?
qawiki	Jak dlouho existuje v Evropƒõ systematick√Ω chov koƒçek?
qawiki	Kolik dn√≠ m√° p≈ôestupn√Ω rok?
qawiki	Je muchom≈Ørka r≈Ø≈æovka jedovat√°?
qawiki	Kdo velel Rud√© arm√°dƒõ bƒõhem osvobozov√°n√≠ Brna?
P_bud_zticha	Buƒè ticho
P_bud_zticha	Buƒè u≈æ zticha
P_bud_zticha	Buƒè sticha
P_bud_zticha	Dr≈æ hubu
P_bud_zticha	Dr≈æ u≈æ koneƒçnƒõ hubu
P_bud_zticha	Jdi pryƒç
P_bud_zticha	Je ƒças sklapnout
P_bud_zticha	Je ƒças, na to abys ztichnul
P_bud_zticha	Je mi ≈°patnƒõ z toho jak tƒõ poslouch√°m
P_bud_zticha	Je na ƒçase abys dr≈æel hubu
P_bud_zticha	Je na ƒçase abys ztichnul
P_bud_zticha	Je na ƒçase, abys byl zticha
P_bud_zticha	Jen dr≈æ hubu, dob≈ôe?
P_bud_zticha	Konƒç√≠m s t√≠m abych tƒõ poslouchal
P_bud_zticha	Mlƒçeti zlato
P_bud_zticha	M≈Ø≈æe≈° b√Ωt zticha?
P_bud_zticha	M≈Ø≈æe≈° p≈ôestat mluvit
P_bud_zticha	Nechci nic v√≠c sly≈°et
P_bud_zticha	Nemluv
P_bud_zticha	Odejdi u≈æ pros√≠m
P_bud_zticha	Psst
P_bud_zticha	P≈°≈°t
P_bud_zticha	Sklapni
P_bud_zticha	Ticho!
P_bud_zticha	To staƒç√≠
P_bud_zticha	U≈æ ani slovo
P_bud_zticha	U≈æ nic ne≈ô√≠kej!
P_bud_zticha	U≈æ ≈æ√°dn√© mluven√≠
P_bud_zticha	Zav≈ôi tu klapaƒçku
P_bud_zticha	Ztichni pros√≠m
P_bye	ƒåau
P_bye	D√°me si vƒõdƒõt
P_bye	Jdu
P_bye	Mƒõj se
P_bye	Mƒõl bych j√≠t
P_bye	M√≠r s tebou
P_bye	Mus√≠m bƒõ≈æet
P_bye	Mus√≠m j√≠t
P_bye	Mus√≠m mizet
P_bye	Mus√≠m u≈æ j√≠t
P_bye	Nashle
P_bye	Nashledanou
P_bye	Odhl√°s√≠m se
P_bye	Odhla≈°uji se
P_bye	Ozvu se z√≠tra
P_bye	pa pa
P_bye	pac a pusu
P_bye	P√°d√≠m
P_bye	Pokec√°me pozdƒõji
P_bye	P≈Øjdu
P_bye	Radƒõji p≈Øjdu
P_bye	Rychle miz√≠m
P_bye	Sbohem
P_bye	Uvid√≠me se pozdƒõji
P_co_delas	A co p≈ôesnƒõ dƒõl√°≈°?
P_co_delas	Co dok√°≈æe≈°?
P_co_delas	Co mi m≈Ø≈æe≈° uk√°zat?
P_co_delas	Co m≈Ø≈æe≈° dƒõlat?
P_co_delas	Co p≈ôesnƒõ dƒõl√°≈°?
P_co_delas	Co um√≠≈°?
P_co_delas	Dƒõl√°≈° nƒõco?
P_co_delas	Dƒõl√°te nƒõco?
P_co_delas	Jak mi m≈Ø≈æe≈° pomoci?
P_co_delas	Jak pracuje≈°?
P_co_delas	Jak√° je tvoje funkce?
P_co_delas	Jak√© jsou tvoje funkce
P_co_delas	Jak√© m√°≈° dovednosti?
P_co_delas	Jak√© m√°≈° funkce
P_co_delas	Jak√© m√°≈° jako bot schopnosti?
P_co_delas	Jak√© m√°te dovednosti?
P_co_delas	jak√© odpovƒõdi mi m≈Ø≈æe≈° d√°t?
P_co_delas	M≈Ø≈æe≈° mi pomoci?
P_co_delas	M≈Ø≈æete mi pomoci?
P_co_delas	na co m√°≈° odpovƒõdi?
P_co_delas	≈òeknƒõte mi, co dƒõl√°te
P_co_delas	≈òekni co v≈°e v≈°echno um√≠≈°
P_co_delas	S ƒç√≠m mi m≈Ø≈æe≈° pomoct?
P_co_delas	Co m√°≈° za lubem?
P_co_jsi_bote	Existuje≈°?
P_co_jsi_bote	Chci vƒõdƒõt, jestli jsi ƒçlovƒõk
P_co_jsi_bote	Jsi ƒçlovƒõk nebo robot?
P_co_jsi_bote	Jsi ƒçlovƒõk?
P_co_jsi_bote	Jsi chatbot?
P_co_jsi_bote	Jsi poƒç√≠taƒç?
P_co_jsi_bote	Jsi robot nebo jsi ƒçlovƒõk?
P_co_jsi_bote	Jsi robot?
P_co_jsi_bote	Jsi skuteƒçn√Ω nebo robot?
P_co_jsi_bote	Jsi stroj?
P_co_jsi_bote	Jste bot nebo ƒçlovƒõk?
P_co_jsi_bote	Kdo se mnou mluv√≠?
P_co_jsi_bote	Mluv√≠m s botem?
P_co_jsi_bote	Mluv√≠m s ƒçlovƒõkem?
P_co_jsi_bote	Mluv√≠m s robotem nebo ƒçlovƒõkem?
P_co_jsi_bote	Mluv√≠m s robotem?
P_co_jsi_bote	Mus√≠≈° b√Ωt robot
P_co_jsi_bote	Mysl√≠m, ≈æe jsi ƒçlovƒõk
P_co_jsi_bote	Mysl√≠m, ≈æe jsi umƒõl√Ω
P_co_jsi_bote	Mysl√≠m, ≈æe nejsi bot
P_co_jsi_bote	Mysl√≠m, ≈æe nejsi ƒçlovƒõk
P_co_jsi_bote	Nejsi poƒç√≠taƒç, ≈æe?
P_co_jsi_bote	Nejsi stroj, ≈æe?
P_co_jsi_bote	Nejsi umƒõl√Ω, ≈æe?
P_co_jsi_bote	Opravdu existuje≈°?
P_co_jsi_bote	P≈ôedpokl√°d√°m, ≈æe jsi robot
P_co_jsi_bote	V√≠≈°, ≈æe nejsi skuteƒçn√Ω?
P_co_jsi_bote	Zaj√≠malo by mƒõ, jestli jsi bot
P_co_jsi_bote	Zaj√≠malo by mƒõ, jestli jsi robot
P_co_jsi_bote	Zaj√≠malo by mƒõ, jestli jsi skuteƒçn√Ω
P_co_mam_delat	Co bych mƒõl dƒõlat dneska odpoledne?
P_co_mam_delat	Co bych mƒõl dƒõlat dneska r√°no?
P_co_mam_delat	Co bych mƒõl j√≠st k obƒõdu?
P_co_mam_delat	Co bych mƒõl potom udƒõlat?
P_co_mam_delat	Co bych mƒõl ≈ô√≠ct?
P_co_mam_delat	Co bych mƒõl udƒõlat?
P_co_mam_delat	Co bych mƒõl zkusit?
P_co_mam_delat	Co bych si mƒõl d√°t k obƒõdu?
P_co_mam_delat	Co bys dƒõlal, kdybys byl na m√©m m√≠stƒõ?
P_co_mam_delat	Co jin√©ho bych mƒõl vyzkou≈°et?
P_co_mam_delat	Co m√°m dƒõlat d√°l?
P_co_mam_delat	Co m√°m dƒõlat?
P_co_mam_delat	Co mohu ≈ô√≠ct?
P_co_mam_delat	Co m≈Ø≈æu dƒõlat?
P_co_mam_delat	Co si mysl√≠≈°, ≈æe bych mƒõl udƒõlat?
P_co_mam_delat	Jakou hru bych mƒõl hr√°t?
P_co_mam_delat	Jakou p√≠sniƒçku bych si mƒõl poslechnout?
P_co_mam_delat	Jak√Ωm smƒõrem by ses vydal, kdybys byl na m√©m m√≠stƒõ?
P_co_mam_delat	Kam m√°m jet na dovolenou?
P_co_mam_delat	Kam m√°m j√≠t d√°l?
P_co_mam_delat	Kam m√°m j√≠t na v√Ωlet?
P_co_mam_delat	M√°m cviƒçit?
P_co_mam_delat	M√°m jezdit na kole?
P_co_tim_myslis	Co nech√°pe≈°?
P_co_tim_myslis	Co teƒè?
P_co_tim_myslis	Co t√≠m mysl√≠≈°?
P_co_tim_myslis	Co to bylo?
P_co_tim_myslis	Co to m√° znamenat?
P_co_tim_myslis	Co to znamen√°?
P_co_tim_myslis	Co?
P_co_tim_myslis	Co≈æe?
P_co_tim_myslis	Chce≈° mi ≈ô√≠ct v√≠c?
P_co_tim_myslis	Chce≈° to vysvƒõtlit?
P_co_tim_myslis	Jak to mysl√≠≈°?
P_co_tim_myslis	Mohl bys to rozv√©st?
P_co_tim_myslis	M≈Ø≈æe≈° mi to vysvƒõtlit?
P_co_tim_myslis	M≈Ø≈æe≈° to objasnit?
P_co_tim_myslis	M≈Ø≈æe≈° to vysvƒõtlit?
P_co_tim_myslis	M≈Ø≈æe≈° to zopakovat?
P_co_tim_myslis	M≈Ø≈æete to ≈ô√≠ct jinak?
P_co_tim_myslis	Nechce≈° mi ≈ô√≠ct v√≠c?
P_co_tim_myslis	Nechce≈° to objasnit?
P_co_tim_myslis	Nechce≈° to v√≠c vysvƒõtlit?
P_co_tim_myslis	O ƒçem to mluv√≠≈°?
P_co_tim_myslis	Proƒç si to mysl√≠≈°?
P_co_tim_myslis	Proƒç to ≈ô√≠k√°≈°?
P_co_tim_myslis	Proƒç?
P_co_tim_myslis	Vysvƒõtl√≠≈° mi to?
P_co_tim_myslis	Vysvƒõtl√≠te mi to?
P_co_tim_myslis	WTF
P_dekuji_bote	Dƒõkuji
P_dekuji_bote	Dƒõkuji bote
P_dekuji_bote	Dƒõkuji moc
P_dekuji_bote	Dƒõkuji pƒõknƒõ
P_dekuji_bote	Dƒõkuji v√°m
P_dekuji_bote	Dƒõkuji za to
P_dekuji_bote	D√≠k
P_dekuji_bote	D√≠ky
P_dekuji_bote	D√≠ky bote
P_dekuji_bote	D√≠ky moc
P_dekuji_bote	Dob≈ôe d√≠ky
P_dekuji_bote	Ch√°pu Dƒõkuji ti
P_dekuji_bote	Ch√°pu, d√≠ky
P_dekuji_bote	Jak laskav√©, dƒõkuji
P_dekuji_bote	Jsem vdƒõƒçn√Ω, d√≠ky
P_dekuji_bote	Jsem za to vdƒõƒçn√Ω, dƒõkuji
P_dekuji_bote	Jsem za to velmi vdƒõƒçn√Ω
P_dekuji_bote	Mnohokr√°t dƒõkuji
P_dekuji_bote	Moje up≈ô√≠mn√© d√≠ky
P_dekuji_bote	Perfektn√≠, d√≠ky
P_dekuji_bote	Skvƒõl√©, dƒõkuji!
P_dekuji_bote	Skvƒõl√©, d√≠ky
P_dekuji_bote	Skvƒõl√©, moc dƒõkuji
P_dekuji_bote	Skvƒõl√Ω dƒõkuji
P_dekuji_bote	Spr√°vnƒõ, d√≠ky moc
P_dekuji_bote	√ö≈æasn√Ω, d√≠ky
P_dekuji_bote	V√°≈æ√≠m si toho
P_dekuji_bote	V√°≈æ√≠m si v√°s
P_dekuji_bote	Velk√© podƒõkov√°n√≠
P_dobry_den	√Å to jsi ty
P_dobry_den	Ahoj
P_dobry_den	ahoj bote
P_dobry_den	Ahoj kamar√°de
P_dobry_den	Ahoj ty tam
P_dobry_den	Ahojky
P_dobry_den	Ahojky dobr√© r√°no
P_dobry_den	Bote jsem tady
P_dobry_den	ƒåau bote
P_dobry_den	ƒåauky!
P_dobry_den	ƒåauves
P_dobry_den	ƒåus
P_dobry_den	D√°v√° ti to smysl
P_dobry_den	Dobr√© jitro
P_dobry_den	Dobr√© ranko
P_dobry_den	Dobr√Ω den
P_dobry_den	Dorazil jsem
P_dobry_den	Funguje≈°?
P_dobry_den	Hej ty tam
P_dobry_den	Ch√°pe≈° mƒõ?
P_dobry_den	Jsem zp√°tky
P_dobry_den	Nazdar
P_dobry_den	Nazd√°rek
P_dobry_den	Pozdravy
P_dobry_den	Pracuje≈°?
P_dobry_den	Probuƒè se
P_dobry_den	P≈ôeji ti dobr√© r√°no
P_dobry_den	R√°no bote
P_dobry_den	Rozum√≠≈° mi?
P_dobry_den	Test
P_dobry_den	Testov√°n√≠
P_dobry_den	≈•uk ≈•uk je tam nƒõkdo
P_dobry_den	Ty vole
P_dobry_den	Vst√°vat
P_dobry_den	Vst√°vej!
P_dobry_den	V≈°echno jasn√©?
P_dobry_den	Zdrav√≠m
P_dobry_den	Zdrav√≠m bote
P_chci_si_povidat	Bude≈° se mnou mluvit?
P_chci_si_povidat	Bude≈° si se mnou ps√°t?
P_chci_si_povidat	Existuje nƒõkdo, kdo si se mnou promluv√≠?
P_chci_si_povidat	Chatuj se mnou
P_chci_si_povidat	Chce≈° se mnou mluvit?
P_chci_si_povidat	Je mi nƒõkdo k dispozici?
P_chci_si_povidat	Je nƒõkdo doma?
P_chci_si_povidat	Je nƒõkdo doma?
P_chci_si_povidat	Je nƒõkdo na chatu?
P_chci_si_povidat	Je nƒõkdo voln√Ω?
P_chci_si_povidat	Je tam nƒõkdo?
P_chci_si_povidat	Je tu nƒõkdo?
P_chci_si_povidat	Je tu pro mƒõ nƒõkdo?
P_chci_si_povidat	Jsi tady?
P_chci_si_povidat	Jsi tam?
P_chci_si_povidat	M√°≈° volno?
P_chci_si_povidat	Mluv se mnou
P_chci_si_povidat	M≈Ø≈æeme si  promluvit?
P_chci_si_povidat	M≈Ø≈æu si s nƒõk√Ωm promluvit?
P_chci_si_povidat	Pojƒème si pov√≠dat
P_chci_si_povidat	Poslouch√° nƒõkdo?
P_chci_si_povidat	Poslouch√°≈° mƒõ?
P_chci_si_povidat	≈òekni cokoli
P_chci_si_povidat	≈•uk ≈•uk
P_chci_si_povidat	Um√≠≈° mluvit?
P_jak_jsi_vznikl	ƒå√≠ jste program?
P_jak_jsi_vznikl	Jak jsi byl postaven?
P_jak_jsi_vznikl	Jak jsi vzniknul?
P_jak_jsi_vznikl	Jak√° spoleƒçnost tƒõ vyrobila?
P_jak_jsi_vznikl	Kdo je tv≈Øj architekt?
P_jak_jsi_vznikl	Kdo je tv≈Øj n√°vrh√°≈ô?
P_jak_jsi_vznikl	Kdo je tv≈Øj tv≈Ørce?
P_jak_jsi_vznikl	Kdo je tv≈Øj v√Ωrobce?
P_jak_jsi_vznikl	Kdo p√≠≈°e va≈°e odpovƒõdi?
P_jak_jsi_vznikl	Kdo pro tebe p√≠≈°e?
P_jak_jsi_vznikl	Kdo tƒõ udƒõlal?
P_jak_jsi_vznikl	Kdo tƒõ vytvo≈ôil?
P_jak_jsi_vznikl	Kdo v√°s k√≥doval?
P_jak_jsi_vznikl	Kter√° spoleƒçnost tƒõ postavila?
P_jak_jsi_vznikl	Kter√° spoleƒçnost tƒõ vyrobila?
P_jak_jsi_vznikl	Kte≈ô√≠ lid√© tƒõ udƒõlali?
P_jak_jsi_vznikl	M√°≈° v√Ωrobce?
P_jak_jsi_vznikl	Stvo≈ôil tƒõ nƒõkdo?
P_jak_jsi_vznikl	Udƒõlal tƒõ nƒõkdo?
P_jak_jsi_vznikl	Vyvinul tƒõ nƒõkdo?
P_jak_se_dari	C√≠t√≠≈° se dob≈ôe?
P_jak_se_dari	C√≠t√≠te se dob≈ôe?
P_jak_se_dari	Hej, jak se m√°≈°?
P_jak_se_dari	Jak je?
P_jak_se_dari	Jak jsi to dneska vidƒõl?
P_jak_se_dari	Jak jsi vƒçera spal?
P_jak_se_dari	Jak se c√≠t√≠≈°?
P_jak_se_dari	Jak se da≈ô√≠
P_jak_se_dari	Jak se da≈ô√≠?
P_jak_se_dari	Jak se dneska m√°≈°?
P_jak_se_dari	Jak se m√°≈° bote?
P_jak_se_dari	Jak se m√°≈°?
P_jak_se_dari	Jak si ≈æije≈°?
P_jak_se_dari	Jak to dneska ≈°lo?
P_jak_se_dari	Jak to jde?
P_jak_se_dari	M√°≈° se dob≈ôe?
P_jak_se_dari	≈òekni, jak se m√°≈°?
P_jak_se_dari	≈†lo to dneska?
P_jak_se_dari	Vede se ti dob≈ôe?
P_jak_se_dari	V≈°echno dneska v po≈ô√°dku?
P_jsi_hlupak	Absurdn√≠ jako obvykle
P_jsi_hlupak	Alexa je lep≈°√≠
P_jsi_hlupak	Asistent Google je lep≈°√≠
P_jsi_hlupak	Bezcenn√Ω jako obvykle
P_jsi_hlupak	Blbosti
P_jsi_hlupak	Dƒõl√°≈° si srandu?
P_jsi_hlupak	Hlup√°ku
P_jsi_hlupak	Hrozn√© jako obvykle
P_jsi_hlupak	Idiotick√© jako obvykle
P_jsi_hlupak	Jsi bez tak k niƒçemu
P_jsi_hlupak	Jsi bl√°zen
P_jsi_hlupak	Jsi debil?
P_jsi_hlupak	Jsi docela hrozn√Ω
P_jsi_hlupak	Jsi hlup√°k
P_jsi_hlupak	Jsi hrozn√Ω
P_jsi_hlupak	Jsi k  sm√≠chu
P_jsi_hlupak	Jsi k niƒçemu
P_jsi_hlupak	Jsi nepou≈æiteln√Ω
P_jsi_hlupak	Jsi pitom√Ω?
P_jsi_hlupak	Jsi tak hloup√Ω
P_jsi_hlupak	Jsi trapn√Ω
P_jsi_hlupak	Jsi tupec
P_jsi_hlupak	Jste bl√°zen
P_jsi_hlupak	Proƒç jsi tak hloup√Ω
P_jsi_hlupak	≈ò√≠k√°≈° absolutn√≠ kraviny
P_jsi_hlupak	Ty hlup√°ku
P_jsi_hlupak	Ty nic nev√≠≈°
P_jsi_hlupak	Ty pitomƒçe
P_jsi_hlupak	Uboh√Ω
P_jsi_hlupak	≈Ωertuje≈° se mnou?
P_kde_zijes_bote	Jak√° je tvoje pozice?
P_kde_zijes_bote	Jsi bl√≠zko mƒõ?
P_kde_zijes_bote	Jsi bl√≠zko?
P_kde_zijes_bote	Jsi daleko?
P_kde_zijes_bote	Jsi m√≠stn√≠?
P_kde_zijes_bote	Jsi nƒõkde fyzicky um√≠stƒõn√Ω?
P_kde_zijes_bote	Jsi pobl√≠≈æ?
P_kde_zijes_bote	Jsi v call centru?
P_kde_zijes_bote	Jsi v cloudu?
P_kde_zijes_bote	Jste v call centru?
P_kde_zijes_bote	Kde je tv≈Øj d≈Øm?
P_kde_zijes_bote	Kde jsi?
P_kde_zijes_bote	Kde se nach√°z√≠≈°?
P_kde_zijes_bote	Kde se pohybuje≈°?
P_kde_zijes_bote	Kde tƒõ m≈Ø≈æu naj√≠t?
P_kde_zijes_bote	M√°te domov?
P_kde_zijes_bote	Zept√°≈° se na nƒõco
P_kde_zijes_bote	Zept√°te se na nƒõco  o mnƒõ
P_kde_zijes_bote	Zeptej se mƒõ
P_kde_zijes_bote	Zeptej se mƒõ na nƒõco
P_kde_zijes_bote	≈Ωije≈° nƒõkde?
P_kde_zijes_bote	≈Ωije≈° v cloudu?
P_kde_zijes_bote	≈Ωije≈° v poƒç√≠taƒçi?
P_kde_zijes_bote	≈Ωijete v serveru?
P_kdo_jsem	Co o mnƒõ v√≠≈°?
P_kdo_jsem	Co o mnƒõ v√≠≈°?
P_kdo_jsem	Co si o mƒõ mysl√≠≈°?
P_kdo_jsem	Jak mi ≈ô√≠kaj√≠?
P_kdo_jsem	Jak se jmenuji?
P_kdo_jsem	Jak√© informace o mnƒõ m√°≈°?
P_kdo_jsem	Jak√© informace o mnƒõ m√°te?
P_kdo_jsem	Kdo jsem?
P_kdo_jsem	Kdo si mysl√≠≈°, ≈æe jsem?
P_kdo_jsem	Kdo si mysl√≠te, ≈æe jsem?
P_kdo_jsem	Kdy jsem se narodil?
P_kdo_jsem	Nepamatujete si mƒõ?
P_kdo_jsem	Nepamatujete si mƒõ?
P_kdo_jsem	Nev√≠≈°, kdo jsem
P_kdo_jsem	Nev√≠te, kdo jsem
P_kdo_jsem	Nezn√°≈° mƒõ?
P_kdo_jsem	V√≠≈° jak se jmenuju?
P_kdo_jsem	V√≠≈° kdo jsem?
P_kdo_jsem	V√≠≈° o mƒõ nƒõco?
P_kdo_jsem	V√≠≈° o mnƒõ?
P_kdo_jsem	V√≠≈° v≈Øbec, kdo jsem?
P_kdo_jsem	V√≠te, kdo jsem?
P_kdo_jsem	Zn√°≈° mƒõ dob≈ôe?
P_kdo_jsem	Zn√°≈° mƒõ?
P_kdo_jsem	Zn√°≈° moje jm√©no?
P_kdo_jsem	Zn√°≈° v≈Øbec moje jm√©no?
P_kolik_ti_je	Jak dlouho existuje≈°?
P_kolik_ti_je	Jak dlouho funguje≈°?
P_kolik_ti_je	Jak dlouho jsi v provozu?
P_kolik_ti_je	jak dlouho tu jsi?
P_kolik_ti_je	Jak jsi star√Ω?
P_kolik_ti_je	Jsi d√≠tƒõ?
P_kolik_ti_je	Jsi dospƒõl√Ω?
P_kolik_ti_je	Jsi dospƒõl√Ω?
P_kolik_ti_je	Jsi mlad√Ω?
P_kolik_ti_je	Jsi star≈°√≠ ne≈æ j√°?
P_kolik_ti_je	Jsi star√Ω?
P_kolik_ti_je	Jsi teenager?
P_kolik_ti_je	Jste dospƒõl√Ω?
P_kolik_ti_je	Kdy jsi se narodil?
P_kolik_ti_je	Kdy m√°≈° narozeniny?
P_kolik_ti_je	Kolik let u≈æ funguje≈°?
P_kolik_ti_je	Kolik ti je let?
P_kolik_ti_je	Kolik ti je?
P_kolik_ti_je	Kolik v√°m je?
P_kolik_ti_je	Od kdy jsi v provozu?
P_mas_jmeno	Chtƒõl bych zn√°t tvoje jm√©no
P_mas_jmeno	Jak bych tƒõ mƒõl oslovit?
P_mas_jmeno	Jak bych ti mƒõl ≈ô√≠kat?
P_mas_jmeno	Jak na tebe volaj√≠?
P_mas_jmeno	jak se jmenuje≈°
P_mas_jmeno	Jak se jmenuje≈°?
P_mas_jmeno	Jak ti lid√© ≈ô√≠kaj√≠?
P_mas_jmeno	Jak ti m≈Ø≈æu ≈ô√≠kat?
P_mas_jmeno	Jak ti ≈ô√≠kaj√≠ p≈ô√°tel√©?
P_mas_jmeno	Jak ti ≈ô√≠kaj√≠?
P_mas_jmeno	Jak√© je va≈°e oznaƒçen√≠?
P_mas_jmeno	Jak√© je va≈°e p≈ô√≠jmen√≠?
P_mas_jmeno	Jak√© jm√©no bych mƒõl pro tebe pou≈æ√≠t?
P_mas_jmeno	Kdo jsi?
P_mas_jmeno	Kdo jsi?
P_mas_jmeno	M√°≈° jm√©no?
P_mas_jmeno	M√°≈° jm√©no?
P_mas_jmeno	M√°≈° ofici√°ln√≠ jm√©no?
P_mas_jmeno	Nezn√°m tvoje jm√©no
P_mas_jmeno	P≈ôedstav se mi
P_mas_jmeno	Tak kdo jsi?
P_mas_jmeno	Tvoje jm√©no pros√≠m
P_nechapu_odpoved	Co t√≠m mysl√≠≈°?
P_nechapu_odpoved	Co≈æe?
P_nechapu_odpoved	Jak to m√°m ch√°pat?
P_nechapu_odpoved	Jsem fakt zmaten√°
P_nechapu_odpoved	Jsem opravdu zmaten√°
P_nechapu_odpoved	Jsem tak zmaten√°
P_nechapu_odpoved	Jsem velmi zmaten√°
P_nechapu_odpoved	Jsem ztracen√Ω
P_nechapu_odpoved	Mate≈° mƒõ
P_nechapu_odpoved	Matete mƒõ
P_nechapu_odpoved	Ned√°v√° mi to smysl
P_nechapu_odpoved	Nech√°pu to
P_nechapu_odpoved	Nech√°pu, co t√≠m mysl√≠≈°
P_nechapu_odpoved	Nech√°pu, o ƒçem to mluv√≠≈°
P_nechapu_odpoved	Nechyt√°m se
P_nechapu_odpoved	Nechyt√°m se
P_nechapu_odpoved	Nerozum√≠m
P_nechapu_odpoved	Nerozum√≠m tomu
P_nechapu_odpoved	To ned√°v√° ≈æ√°dn√Ω smysl
P_nechapu_odpoved	To ned√°valo smysl
P_nechapu_odpoved	Vysvƒõtli mi to
P_nechapu_odpoved	Vz√°jemnƒõ si nerozum√≠me
P_nechapu_odpoved	Ztratil jsem se
P_nemas_zac	Bylo mi potƒõ≈°en√≠m
P_nemas_zac	Bylo mi potƒõ≈°en√≠m
P_nemas_zac	jj
P_nemas_zac	Jsem r√°d ≈æe mohu pomoci
P_nemas_zac	Kdykoli
P_nemas_zac	Nem√°≈° v≈Øbec zaƒç
P_nemas_zac	Nem√°≈° zaƒç
P_nemas_zac	Nen√≠ zaƒç
P_nemas_zac	Potƒõ≈°en√≠ na m√© stranƒõ
P_nemas_zac	R√°d jsem pomohl
P_nemas_zac	R√°do se stalo
P_nemas_zac	To nech b√Ωt
P_nemas_zac	To nen√≠ probl√©m
P_nemas_zac	To nestoj√≠ za ≈ôeƒç
P_nemas_zac	To nic nebylo
P_nemas_zac	To nic nen√≠
P_nemas_zac	V pohodƒõ
P_nemas_zac	V≈Øbec nen√≠ zaƒç
P_nemas_zac	≈Ω√°dn√Ω probl√©m
P_omluva	Ach bo≈æe, omlouv√°m se
P_omluva	Je mi to hroznƒõ l√≠to
P_omluva	Je mi to l√≠to
P_omluva	Je mi to opravdu l√≠to
P_omluva	Je mi to tak l√≠to
P_omluva	Je mi to tak l√≠to
P_omluva	Jejda zvoral jsem to
P_omluva	Jejda, moje chyba
P_omluva	Jejda, omlouv√°m se
P_omluva	Jen jsem chtƒõl ≈ô√≠ct ≈æe je mi to l√≠to
P_omluva	Kecy promi≈à
P_omluva	Moc se omlouv√°m
P_omluva	Moje chyba
P_omluva	Odpus≈• mi
P_omluva	Oh, promi≈à
P_omluva	Omlouv√°m se
P_omluva	Omlouv√°m se
P_omluva	Omlouv√°m se za
P_omluva	Omlouv√°m se za to
P_omluva	Omlouv√°m se za v≈°echno
P_omluva	Promi≈à
P_omluva	Promi≈à mi pros√≠m
P_omluva	Promi≈à, pokazil jsem to
P_omluva	Promi≈à, udƒõlal jsem chybu
P_omluva	Promi≈à, zvoral jsem to
P_omluva	Tak  jsem to nemyslel
P_omluva	To byla moje chyba
P_omluva	Up≈ô√≠mnƒõ se omlouv√°m
P_pobav_me	Bav mƒõ
P_pobav_me	Buƒè smƒõ≈°n√Ω
P_pobav_me	Buƒè vtipn√Ω
P_pobav_me	Co mi ≈ôekne≈° aby mƒõ to rozesm√°lo?
P_pobav_me	Chci se po≈ô√°dnƒõ zasm√°t
P_pobav_me	Jak bys mƒõ rozesm√°l?
P_pobav_me	Je naƒçase, abys mƒõ rozesm√°l
P_pobav_me	M≈Ø≈æe≈° b√Ωt vtipn√Ω
P_pobav_me	M≈Ø≈æe≈° ≈ô√≠ct nƒõco vtipn√©ho?
P_pobav_me	Neudƒõl√°≈° nƒõco vtipn√©ho?
P_pobav_me	Neudƒõl√°≈° nƒõco z√°bavn√©ho?
P_pobav_me	Pobav mƒõ
P_pobav_me	Rozesmƒõj mƒõ
P_pobav_me	≈òekni blbost
P_pobav_me	≈òekni kravinu
P_pobav_me	≈òekni mi nƒõco potrhl√©ho
P_pobav_me	≈òekni mi nƒõco vtipn√©ho
P_pobav_me	≈òekni nƒõco smƒõ≈°n√©ho
P_pobav_me	≈òekni nƒõco vtipn√©ho
P_pobav_me	≈òekni nƒõco vtipn√©ho
P_pobav_me	Udƒõlej nƒõco legraƒçn√≠ho
P_pobav_me	Zkus mƒõ rozesm√°t
P_spatna_odpoved	Chybn√° odpovƒõƒè
P_spatna_odpoved	Jsi blbej jak necky
P_spatna_odpoved	Jsi tot√°lnƒõ mimo
P_spatna_odpoved	koho to zaj√≠m√°
P_spatna_odpoved	Ne ≈°patnƒõ
P_spatna_odpoved	Ned√°v√°≈° smysl
P_spatna_odpoved	Nep≈ôesn√©
P_spatna_odpoved	niƒçemu nerozum√≠≈°
P_spatna_odpoved	No, to bylo na prd
P_spatna_odpoved	No, to je na hovno
P_spatna_odpoved	Sna≈æ se v√≠c
P_spatna_odpoved	≈†patnƒõ
P_spatna_odpoved	Tak≈æe to nev√≠≈°?
P_spatna_odpoved	To byla blbost
P_spatna_odpoved	To byla fakt ≈°patn√° odpovƒõƒè
P_spatna_odpoved	To byla hrozn√° odpovƒõƒè
P_spatna_odpoved	to je chab√©
P_spatna_odpoved	To je nesmysl
P_spatna_odpoved	To je ≈°patnƒõ
P_spatna_odpoved	To mi bylo k niƒçemu
P_spatna_odpoved	To nebylo relevantn√≠
P_spatna_odpoved	To nen√≠ pravda
P_spatna_odpoved	To nen√≠ pravda
P_spatna_odpoved	To nen√≠ pravda
P_spatna_odpoved	To nen√≠ p≈ôesn√©
P_spatna_odpoved	ty nev√≠≈°?
P_spatna_odpoved	√öplnƒõ mimo
P_spatna_odpoved	v√°≈ænƒõ?
P_spatna_odpoved	Vzd√°v√°m to
P_spatna_odpoved	Zvl√°≈°tn√≠ odpovƒõƒè
P_kolik_hodin	kolik je hodin?
P_kolik_hodin	kolik je?
P_kolik_hodin	kolik je teƒè hodin?
P_kolikateho	Kolikat√©ho je dnes?
P_kolikateho	Jak√© je dnes datum?
P_kolikateho	Kolik√°t√©ho je?
P_kolikateho	Jak√Ω je den?
P_technologie_nazor	Co bych mƒõl vƒõdƒõt o AI?
P_technologie_nazor	Co bych mƒõl vƒõdƒõt o robotech?
P_technologie_nazor	Co bych mƒõl vƒõdƒõt o technologi√≠ch?
P_technologie_nazor	Co bych mƒõl vƒõdƒõt o umƒõl√© inteligenci?
P_technologie_nazor	Co si mysl√≠≈° o AI?
P_technologie_nazor	Co si mysl√≠≈° o chatbotech?
P_technologie_nazor	Co si mysl√≠≈° o robotech?
P_technologie_nazor	Co si mysl√≠≈° o technologick√Ωch spoleƒçnostech?
P_technologie_nazor	Co si mysl√≠≈° o technologi√≠ch?
P_technologie_nazor	Co si mysl√≠≈° o umƒõl√© inteligenci?
P_technologie_nazor	Jak√Ω je tv≈Øj n√°zor na roboty?
P_technologie_nazor	Jak√Ω je tv≈Øj n√°zor na umƒõlou inteligenci?
P_technologie_nazor	Jak√Ω je v√°≈° n√°zor na AI?
P_technologie_nazor	Jak√Ω je v√°≈° n√°zor na roboty?
P_technologie_nazor	Jak√Ω je v√°≈° n√°zor na technologie?
P_technologie_nazor	M√°≈° z√°jem o AI?
P_technologie_nazor	M√°≈° z√°jem o roboty?
P_technologie_nazor	M√°≈° z√°jem o technologick√© spoleƒçnosti?
P_technologie_nazor	M√°≈° z√°jem o technologie?
P_technologie_nazor	M√°≈° z√°jem o umƒõlou inteligenci?
P_technologie_nazor	M√°te z√°jem o technologii?
P_vse_nej	Gratulace
P_vse_nej	Gratuluji
P_vse_nej	Hodnƒõ ≈°tƒõst√≠
P_vse_nej	Na zdrav√≠
P_vse_nej	≈†tastn√© a vesel√©
P_vse_nej	≈†tastn√© a vesel√©!
P_vse_nej	≈†≈•astn√Ω nov√Ω rok
P_vse_nej	Tak na tebe
P_vse_nej	U≈æij si volno
P_vse_nej	Vesel√© V√°noce
P_vse_nej	Vesel√© V√°noce i v√°m
P_vse_nej	Vesel√© Velikonoce
P_vse_nej	Vesel√Ω Valent√Ωn
P_vse_nej	V≈°e nej
P_vse_nej	V≈°e nejlep≈°√≠ do budoucna
P_vse_nej	V≈°echno nejlep≈°√≠
P_vse_nej	V≈°echno nejlep≈°√≠ k narozenin√°m
P_pobav_me	A co takhle vtip
P_pobav_me	D√°≈° vtip?
P_pobav_me	chce≈° mi ≈ô√≠ct vtip?
P_pobav_me	Chci sly≈°et vtip
P_pobav_me	Jak√© vtipy zn√°≈°?
P_pobav_me	M√°≈° nƒõjak√© vtipy?
P_pobav_me	M√°≈° vtip?
P_pobav_me	Mƒõl bys nƒõjak√Ω vtip?
P_pobav_me	M≈Ø≈æe≈° mi ≈ô√≠ct vtip
P_pobav_me	Napi≈° mi vtip
P_pobav_me	Podƒõl se o vtip
P_pobav_me	Po≈°li mi vtip
P_pobav_me	Pros√≠m o vtip
P_pobav_me	≈òekne≈° mi vtip?
P_pobav_me	≈òekni mi vtip
P_pobav_me	Um√≠≈° nƒõjak√Ω vtip?
P_pobav_me	Um√≠≈° vtipy?
P_pobav_me	Vtip
P_pobav_me	Zn√°≈° nƒõjak√© vtipy?
P_pobav_me	Zn√°≈° vtipy?
P_zase_stejna_odpoved	Budu pot≈ôebovat jinou odpovƒõƒè
P_zase_stejna_odpoved	Dal bys mi jinou odpovƒõƒè?
P_zase_stejna_odpoved	Hodnƒõ se opakuje≈°
P_zase_stejna_odpoved	Chci jinou odpovƒõƒè
P_zase_stejna_odpoved	Chtƒõlo by to jin√© varianty odpovƒõd√≠
P_zase_stejna_odpoved	Jak to, ≈æe v≈°echno po≈ô√°d opakuje≈°?
P_zase_stejna_odpoved	Jsi schopn√Ω mi ≈ô√≠ct i nƒõco jin√©ho?
P_zase_stejna_odpoved	Mƒõn√≠ se nƒõkdy tvoje odpovƒõdi?
P_zase_stejna_odpoved	M≈Ø≈æe≈° mi ≈ô√≠ct je≈°tƒõ nƒõco?
P_zase_stejna_odpoved	Mysl√≠m, ≈æe jsem to u≈æ sly≈°el
P_zase_stejna_odpoved	Mysl√≠m, ≈æe jsi to ≈ô√≠kal
P_zase_stejna_odpoved	Nem√°≈° mi co ≈ô√≠ct?
P_zase_stejna_odpoved	Po≈ô√°d se opakuje≈°
P_zase_stejna_odpoved	Proƒç se opakuje≈°?
P_zase_stejna_odpoved	P≈ôesta≈à se opakovat
P_zase_stejna_odpoved	St√°le stejn√° p√≠sniƒçka
P_zase_stejna_odpoved	Stra≈°nƒõ se opakuje≈°
P_zase_stejna_odpoved	To je star√Ω
P_zase_stejna_odpoved	Tohle u≈æ jsem sly≈°el
P_zase_stejna_odpoved	Zase stejn√° odpovƒõƒè?
P_zase_stejna_odpoved	Zase tahle odpovƒõƒè?
P_zase_stejna_odpoved	Zn√°≈° nƒõjak√© dal≈°√≠ odpovƒõdi?
souhlas	Aha
souhlas	Ano
souhlas	Ano, to je spr√°vnƒõ
souhlas	Beru na vƒõdom√≠
souhlas	Bezpochyby
souhlas	Dobr√© vƒõdƒõt
souhlas	Dob≈ôe
souhlas	Dob≈ôe
souhlas	Dokonal√Ω
souhlas	Geni√°ln√≠
souhlas	Ch√°pe≈°
souhlas	Ch√°pu
souhlas	Ch√°pu tƒõ
souhlas	Jasnƒõ
souhlas	Jasn√Ω ne?
souhlas	Je to tak
souhlas	Jo
souhlas	Jo, jasnƒõ
souhlas	M√°≈° pravdu
souhlas	OK
souhlas	Perfektn√≠
souhlas	Pochopil jsem
souhlas	P≈ôesnƒõ
souhlas	P≈ôesnƒõ tak
souhlas	Souhlas
souhlas	Souhlas√≠m
souhlas	Spr√°vnƒõ
souhlas	To je pravda
souhlas	Urƒçitƒõ
souhlas	√ö≈æasn√Ω